Workbook
Name \a: #REF!
Name \a: #REF!
Name \b: #REF!
Name \b: #REF!
Name \m: #REF!
Name \m: #REF!
Name \p: #REF!
Name \p: #REF!
Name \r: #REF!
Name \r: #REF!
Name ____________________MES1: #REF!
Name ____________________MES1: #REF!
Name ____________________MES2: #REF!
Name ____________________MES2: #REF!
Name ____________________MES3: #REF!
Name ____________________MES3: #REF!
Name ___________________MES1: #REF!
Name ___________________MES1: #REF!
Name ___________________MES2: #REF!
Name ___________________MES2: #REF!
Name ___________________MES3: #REF!
Name ___________________MES3: #REF!
Name __________________MES1: #REF!
Name __________________MES1: #REF!
Name __________________MES2: #REF!
Name __________________MES2: #REF!
Name __________________MES3: #REF!
Name __________________MES3: #REF!
Name _________________MES1: #REF!
Name _________________MES1: #REF!
Name _________________MES2: #REF!
Name _________________MES2: #REF!
Name _________________MES3: #REF!
Name _________________MES3: #REF!
Name ________________MES1: #REF!
Name ________________MES1: #REF!
Name ________________MES2: #REF!
Name ________________MES2: #REF!
Name ________________MES3: #REF!
Name ________________MES3: #REF!
Name _______________MES1: #REF!
Name _______________MES1: #REF!
Name _______________MES1: #REF!
Name _______________MES2: #REF!
Name _______________MES2: #REF!
Name _______________MES2: #REF!
Name _______________MES3: #REF!
Name _______________MES3: #REF!
Name _______________MES3: #REF!
Name ______________MES1: #REF!
Name ______________MES1: #REF!
Name ______________MES2: #REF!
Name ______________MES2: #REF!
Name ______________MES3: #REF!
Name ______________MES3: #REF!
Name _____________MES1: #REF!
Name _____________MES1: #REF!
Name _____________MES2: #REF!
Name _____________MES2: #REF!
Name _____________MES3: #REF!

Sheet For Brendan
C3: Upper Nass CU | X3: Lower Nass and Coastal CU | AH3: Aggregate (combined CU's)
E4: Upper escapement | H4: Middle escapement | K4: GW Run size | N4: Harvest | AA4: Harvest | AK4: Harvest
B5: Year | C5: Net escapement | E5: Estimate | F5: SD | H5: Estimate | I5: SD | K5: Estimate | L5: SD | N5: In River | O5: Marine | P5: Alaska | Q5: Total | S5: Total Run | T5: Harvest Rate | U5: Upper harvest | V5: Middle harvest | X5: Year | Y5: Net escapement | AA5: In River | AB5: Marine | AC5: Alaska | AD5: Total | AF5: Total Run | AH5: Year | AI5: Net escapement | AK5: In River | AL5: Marine | AM5: Alaska | AN5: Total | AP5: Total Run
B6: 1992 | C6: ='A6-Chin (NEW2)'!C13 -> 16808 | K6: ='A6-Chin (NEW2)'!L13 -> 20067.173 | N6: ='A6a-Chin (Upper&MidCU)'!AA13 -> 8791.1748 | O6: ='A6a-Chin (Upper&MidCU)'!AE13 -> 7727.6303 | P6: ='A6a-Chin (Upper&MidCU)'!AK13 -> 1550.3811 | Q6: =SUM(N6:P6) -> 18069.186 | S6: ='A6a-Chin (Upper&MidCU)'!AL13 -> 34877.186 | T6: =Q6/S6 -> 0.51808039 | X6: 1992 | Y6: ='A6b-Chin (LN&CoastalCU)'!P13 -> 2053.3284 | AA6: ='A6b-Chin (LN&CoastalCU)'!AA13 -> 218.8252 | AB6: ='A6b-Chin (LN&CoastalCU)'!AE13 -> 944.03635 | AC6: ='A6b-Chin (LN&CoastalCU)'!AL13 -> 149.61891 | AD6: =SUM(AA6:AC6) -> 1312.4805 | AF6: ='A6b-Chin (LN&CoastalCU)'!AM13 -> 3365.8969 | AH6: 1992 | AI6: =SUM(C6,Y6) -> 18861.328 | AK6: =SUM(N6,AA6) -> 9010 | AL6: =SUM(O6,AB6) -> 8671.6667 | AM6: =SUM(P6,AC6) -> 1700 | AN6: =SUM(Q6,AD6) -> 19381.667 | AP6: =SUM(S6,AF6) -> 38243.083
B7: 1993 | C7: ='A6-Chin (NEW2)'!C14 -> 24814 | K7: ='A6-Chin (NEW2)'!L14 -> 27923.118 | N7: ='A6a-Chin (Upper&MidCU)'!AA14 -> 6924.6051 | O7: ='A6a-Chin (Upper&MidCU)'!AE14 -> 11344.254 | P7: ='A6a-Chin (Upper&MidCU)'!AK14 -> 2030.9507 | Q7: =SUM(N7:P7) -> 20299.81 | S7: ='A6a-Chin (Upper&MidCU)'!AL14 -> 45113.81 | T7: =Q7/S7 -> 0.44996886 | X7: 1993 | Y7: ='A6b-Chin (LN&CoastalCU)'!P14 -> 2293.2596 | AA7: ='A6b-Chin (LN&CoastalCU)'!AA14 -> 244.3949 | AB7: ='A6b-Chin (LN&CoastalCU)'!AE14 -> 1048.4129 | AC7: ='A6b-Chin (LN&CoastalCU)'!AL14 -> 169.04928 | AD7: =SUM(AA7:AC7) -> 1461.8571 | AF7: ='A6b-Chin (LN&CoastalCU)'!AM14 -> 3755.1936 | AH7: 1993 | AI7: =SUM(C7,Y7) -> 27107.26 | AK7: =SUM(N7,AA7) -> 7169 | AL7: =SUM(O7,AB7) -> 12392.667 | AM7: =SUM(P7,AC7) -> 2200 | AN7: =SUM(Q7,AD7) -> 21761.667 | AP7: =SUM(S7,AF7) -> 48869.003
B8: 1994 | C8: ='A6-Chin (NEW2)'!C15 -> 23639.335 | E8: ='A6-Chin (NEW2)'!D15 -> 19706.335 | F8: ='Bayesian SD Ests (10Feb26rev)'!D10 -> 3851 | H8: ='Bayesian SD Ests (10Feb26rev)'!F10 -> 3933 | I8: ='Bayesian SD Ests (10Feb26rev)'!G10 -> 1470 | K8: ='A6-Chin (NEW2)'!L15 -> 26750 | L8: ='Bayesian SD Ests (10Feb26rev)'!V10 -> 4080 | N8: ='A6a-Chin (Upper&MidCU)'!AA15 -> 6610.2704 | O8: ='A6a-Chin (Upper&MidCU)'!AE15 -> 8584.1557 | P8: ='A6a-Chin (Upper&MidCU)'!AK15 -> 1805.2605 | Q8: =SUM(N8:P8) -> 16999.687 | S8: ='A6a-Chin (Upper&MidCU)'!AL15 -> 40639.022 | T8: =Q8/S8 -> 0.41830944 | U8: =(E8/(1-T8))*T8 -> 14171.36 | V8: =(H8/(1-T8))*T8 -> 2828.3269 | X8: 1994 | Y8: ='A6b-Chin (LN&CoastalCU)'!P15 -> 5777.6481 | AA8: ='A6b-Chin (LN&CoastalCU)'!AA15 -> 615.72956 | AB8: ='A6b-Chin (LN&CoastalCU)'!AE15 -> 2098.0383 | AC8: ='A6b-Chin (LN&CoastalCU)'!AL15 -> 394.73947 | AD8: =SUM(AA8:AC8) -> 3108.5073 | AF8: ='A6b-Chin (LN&CoastalCU)'!AM15 -> 8886.3349 | AH8: 1994 | AI8: =SUM(C8,Y8) -> 29416.983 | AK8: =SUM(N8,AA8) -> 7226 | AL8: =SUM(O8,AB8) -> 10682.194 | AM8: =SUM(P8,AC8) -> 2200 | AN8: =SUM(Q8,AD8) -> 20108.194 | AP8: =SUM(S8,AF8) -> 49525.357
B9: 1995 | C9: ='A6-Chin (NEW2)'!C16 -> 9184.6097 | E9: ='A6-Chin (NEW2)'!D16 -> 7465.6097 | F9: ='Bayesian SD Ests (10Feb26rev)'!D11 -> 1951 | H9: ='Bayesian SD Ests (10Feb26rev)'!F11 -> 1719 | I9: ='Bayesian SD Ests (10Feb26rev)'!G11 -> 687 | K9: ='A6-Chin (NEW2)'!L16 -> 11764 | L9: ='Bayesian SD Ests (10Feb26rev)'!V11 -> 2133 | N9: ='A6a-Chin (Upper&MidCU)'!AA16 -> 7302.8426 | O9: ='A6a-Chin (Upper&MidCU)'!AE16 -> 4568.5056 | P9: ='A6a-Chin (Upper&MidCU)'!AK16 -> 974.50633 | Q9: =SUM(N9:P9) -> 12845.855 | S9: ='A6a-Chin (Upper&MidCU)'!AL16 -> 22030.464 | T9: =Q9/S9 -> 0.58309505 | U9: =(E9/(1-T9))*T9 -> 10441.613 | V9: =(H9/(1-T9))*T9 -> 2404.242 | X9: 1995 | Y9: ='A6b-Chin (LN&CoastalCU)'!P16 -> 1690.4926 | AA9: ='A6b-Chin (LN&CoastalCU)'!AA16 -> 180.15743 | AB9: ='A6b-Chin (LN&CoastalCU)'!AE16 -> 840.86588 | AC9: ='A6b-Chin (LN&CoastalCU)'!AL16 -> 125.49367 | AD9: =SUM(AA9:AC9) -> 1146.517 | AF9: ='A6b-Chin (LN&CoastalCU)'!AM16 -> 2837.1237 | AH9: 1995 | AI9: =SUM(C9,Y9) -> 10875.102 | AK9: =SUM(N9,AA9) -> 7483 | AL9: =SUM(O9,AB9) -> 5409.3715 | AM9: =SUM(P9,AC9) -> 1100 | AN9: =SUM(Q9,AD9) -> 13992.372 | AP9: =SUM(S9,AF9) -> 24867.588
B10: 1996 | C10: ='A6-Chin (NEW2)'!C17 -> 21721.665 | E10: ='A6-Chin (NEW2)'!D17 -> 18211.665 | F10: ='Bayesian SD Ests (10Feb26rev)'!D12 -> 4880 | H10: ='Bayesian SD Ests (10Feb26rev)'!F12 -> 3510 | I10: ='Bayesian SD Ests (10Feb26rev)'!G12 -> 1443 | K10: ='A6-Chin (NEW2)'!L17 -> 24082 | L10: ='Bayesian SD Ests (10Feb26rev)'!V12 -> 5437 | N10: ='A6a-Chin (Upper&MidCU)'!AA17 -> 7999.5787 | O10: ='A6a-Chin (Upper&MidCU)'!AE17 -> 9451.1184 | P10: ='A6a-Chin (Upper&MidCU)'!AK17 -> 1845.6719 | Q10: =SUM(N10:P10) -> 19296.369 | S10: ='A6a-Chin (Upper&MidCU)'!AL17 -> 41018.034 | T10: =Q10/S10 -> 0.47043622 | U10: =(E10/(1-T10))*T10 -> 16178.272 | V10: =(H10/(1-T10))*T10 -> 3118.0968 | X10: 1996 | Y10: ='A6b-Chin (LN&CoastalCU)'!P17 -> 2124.6061 | AA10: ='A6b-Chin (LN&CoastalCU)'!AA17 -> 226.42133 | AB10: ='A6b-Chin (LN&CoastalCU)'!AE17 -> 924.41826 | AC10: ='A6b-Chin (LN&CoastalCU)'!AL17 -> 154.32814 | AD10: =SUM(AA10:AC10) -> 1305.1677 | AF10: ='A6b-Chin (LN&CoastalCU)'!AM17 -> 3429.851 | AH10: 1996 | AI10: =SUM(C10,Y10) -> 23846.272 | AK10: =SUM(N10,AA10) -> 8226 | AL10: =SUM(O10,AB10) -> 10375.537 | AM10: =SUM(P10,AC10) -> 2000 | AN10: =SUM(Q10,AD10) -> 20601.537 | AP10: =SUM(S10,AF10) -> 44447.885
B11: 1997 | C11: ='A6-Chin (NEW2)'!C18 -> 21372.273 | E11: ='A6-Chin (NEW2)'!D18 -> 17879.273 | F11: ='Bayesian SD Ests (10Feb26rev)'!D13 -> 2187 | H11: ='Bayesian SD Ests (10Feb26rev)'!F13 -> 3493 | I11: ='Bayesian SD Ests (10Feb26rev)'!G13 -> 1520 | K11: ='A6-Chin (NEW2)'!L18 -> 23493 | L11: ='Bayesian SD Ests (10Feb26rev)'!V13 -> 2378 | N11: ='A6a-Chin (Upper&MidCU)'!AA18 -> 6629.614 | O11: ='A6a-Chin (Upper&MidCU)'!AE18 -> 7883.4226 | P11: ='A6a-Chin (Upper&MidCU)'!AK18 -> 1691.5659 | Q11: =SUM(N11:P11) -> 16204.603 | S11: ='A6a-Chin (Upper&MidCU)'!AL18 -> 37576.876 | T11: =Q11/S11 -> 0.43123869 | U11: =(E11/(1-T11))*T11 -> 13556.186 | V11: =(H11/(1-T11))*T11 -> 2648.4163 | X11: 1997 | Y11: ='A6b-Chin (LN&CoastalCU)'!P18 -> 2996.9324 | AA11: ='A6b-Chin (LN&CoastalCU)'!AA18 -> 319.38599 | AB11: ='A6b-Chin (LN&CoastalCU)'!AE18 -> 1105.4549 | AC11: ='A6b-Chin (LN&CoastalCU)'!AL18 -> 208.43407 | AD11: =SUM(AA11:AC11) -> 1633.275 | AF11: ='A6b-Chin (LN&CoastalCU)'!AM18 -> 4630.3171 | AH11: 1997 | AI11: =SUM(C11,Y11) -> 24369.206 | AK11: =SUM(N11,AA11) -> 6949 | AL11: =SUM(O11,AB11) -> 8988.8775 | AM11: =SUM(P11,AC11) -> 1900 | AN11: =SUM(Q11,AD11) -> 17837.878 | AP11: =SUM(S11,AF11) -> 42207.193
B12: 1998 | C12: ='A6-Chin (NEW2)'!C19 -> 24908 | E12: ='A6-Chin (NEW2)'!D19 -> 20875 | F12: ='Bayesian SD Ests (10Feb26rev)'!D14 -> 2806 | H12: ='Bayesian SD Ests (10Feb26rev)'!F14 -> 4033 | I12: ='Bayesian SD Ests (10Feb26rev)'!G14 -> 1800 | K12: ='A6-Chin (NEW2)'!L19 -> 27044 | L12: ='Bayesian SD Ests (10Feb26rev)'!V14 -> 3197 | N12: ='A6a-Chin (Upper&MidCU)'!AA19 -> 9307.1346 | O12: ='A6a-Chin (Upper&MidCU)'!AE19 -> 10257.187 | P12: ='A6a-Chin (Upper&MidCU)'!AK19 -> 2099.0245 | Q12: =SUM(N12:P12) -> 21663.346 | S12: ='A6a-Chin (Upper&MidCU)'!AL19 -> 46571.346 | T12: =Q12/S12 -> 0.4651647 | U12: =(E12/(1-T12))*T12 -> 18155.707 | V12: =(H12/(1-T12))*T12 -> 3507.6391 | X12: 1998 | Y12: ='A6b-Chin (LN&CoastalCU)'!P19 -> 2804.379 | AA12: ='A6b-Chin (LN&CoastalCU)'!AA19 -> 298.86539 | AB12: ='A6b-Chin (LN&CoastalCU)'!AE19 -> 1154.8515 | AC12: ='A6b-Chin (LN&CoastalCU)'!AL19 -> 200.97551 | AD12: =SUM(AA12:AC12) -> 1654.6924 | AF12: ='A6b-Chin (LN&CoastalCU)'!AM19 -> 4459.1588 | AH12: 1998 | AI12: =SUM(C12,Y12) -> 27712.379 | AK12: =SUM(N12,AA12) -> 9606 | AL12: =SUM(O12,AB12) -> 11412.038 | AM12: =SUM(P12,AC12) -> 2300 | AN12: =SUM(Q12,AD12) -> 23318.038 | AP12: =SUM(S12,AF12) -> 51030.505
B13: 1999 | C13: ='A6-Chin (NEW2)'!C20 -> 13069 | E13: ='A6-Chin (NEW2)'!D20 -> 10844 | F13: ='Bayesian SD Ests (10Feb26rev)'!D15 -> 1502 | H13: ='Bayesian SD Ests (10Feb26rev)'!F15 -> 2225 | I13: ='Bayesian SD Ests (10Feb26rev)'!G15 -> 985 | K13: ='A6-Chin (NEW2)'!L20 -> 14952 | L13: ='Bayesian SD Ests (10Feb26rev)'!V15 -> 1797 | N13: ='A6a-Chin (Upper&MidCU)'!AA20 -> 8983.1044 | O13: ='A6a-Chin (Upper&MidCU)'!AE20 -> 6295.1598 | P13: ='A6a-Chin (Upper&MidCU)'!AK20 -> 1351.5648 | Q13: =SUM(N13:P13) -> 16629.829 | S13: ='A6a-Chin (Upper&MidCU)'!AL20 -> 29698.829 | T13: =Q13/S13 -> 0.55994898 | U13: =(E13/(1-T13))*T13 -> 13798.597 | V13: =(H13/(1-T13))*T13 -> 2831.2319 | X13: 1999 | Y13: ='A6b-Chin (LN&CoastalCU)'!P20 -> 1960.1549 | AA13: ='A6b-Chin (LN&CoastalCU)'!AA20 -> 208.8956 | AB13: ='A6b-Chin (LN&CoastalCU)'!AE20 -> 944.17998 | AC13: ='A6b-Chin (LN&CoastalCU)'!AL20 -> 148.43523 | AD13: =SUM(AA13:AC13) -> 1301.5108 | AF13: ='A6b-Chin (LN&CoastalCU)'!AM20 -> 3261.7647 | AH13: 1999 | AI13: =SUM(C13,Y13) -> 15029.155 | AK13: =SUM(N13,AA13) -> 9192 | AL13: =SUM(O13,AB13) -> 7239.3398 | AM13: =SUM(P13,AC13) -> 1500 | AN13: =SUM(Q13,AD13) -> 17931.34 | AP13: =SUM(S13,AF13) -> 32960.594
B14: 2000 | C14: ='A6-Chin (NEW2)'!C21 -> 18085 | E14: ='A6-Chin (NEW2)'!D21 -> 14915 | F14: ='Bayesian SD Ests (10Feb26rev)'!D16 -> 3216 | H14: ='Bayesian SD Ests (10Feb26rev)'!F16 -> 3170 | I14: ='Bayesian SD Ests (10Feb26rev)'!G16 -> 1242 | K14: ='A6-Chin (NEW2)'!L21 -> 21655 | L14: ='Bayesian SD Ests (10Feb26rev)'!V16 -> 3498 | N14: ='A6a-Chin (Upper&MidCU)'!AA21 -> 10262.331 | O14: ='A6a-Chin (Upper&MidCU)'!AE21 -> 2456.1992 | P14: ='A6a-Chin (Upper&MidCU)'!AK21 -> 1444.0891 | Q14: =SUM(N14:P14) -> 14162.619 | S14: ='A6a-Chin (Upper&MidCU)'!AL21 -> 32247.619 | T14: =Q14/S14 -> 0.4391834 | U14: =(E14/(1-T14))*T14 -> 11680.147 | V14: =(H14/(1-T14))*T14 -> 2482.4718 | X14: 2000 | Y14: ='A6b-Chin (LN&CoastalCU)'!P21 -> 2619.7621 | AA14: ='A6b-Chin (LN&CoastalCU)'!AA21 -> 350.13643 | AB14: ='A6b-Chin (LN&CoastalCU)'!AE21 -> 355.80081 | AC14: ='A6b-Chin (LN&CoastalCU)'!AL21 -> 155.9109 | AD14: =SUM(AA14:AC14) -> 861.84814 | AF14: ='A6b-Chin (LN&CoastalCU)'!AM21 -> 3481.7077 | AH14: 2000 | AI14: =SUM(C14,Y14) -> 20704.762 | AK14: =SUM(N14,AA14) -> 10612.467 | AL14: =SUM(O14,AB14) -> 2812 | AM14: =SUM(P14,AC14) -> 1600 | AN14: =SUM(Q14,AD14) -> 15024.467 | AP14: =SUM(S14,AF14) -> 35729.327
B15: 2001 | C15: ='A6-Chin (NEW2)'!C22 -> 29341 | E15: ='A6-Chin (NEW2)'!D22 -> 24024 | F15: ='Bayesian SD Ests (10Feb26rev)'!D17 -> 2995 | H15: ='Bayesian SD Ests (10Feb26rev)'!F17 -> 5317 | I15: ='Bayesian SD Ests (10Feb26rev)'!G17 -> 2321 | K15: ='A6-Chin (NEW2)'!L22 -> 35715 | L15: ='Bayesian SD Ests (10Feb26rev)'!V17 -> 3313 | N15: ='A6a-Chin (Upper&MidCU)'!AA22 -> 12467.784 | O15: ='A6a-Chin (Upper&MidCU)'!AE22 -> 2253.9159 | P15: ='A6a-Chin (Upper&MidCU)'!AK22 -> 2030.22 | Q15: =SUM(N15:P15) -> 16751.92 | S15: ='A6a-Chin (Upper&MidCU)'!AL22 -> 46092.92 | T15: =Q15/S15 -> 0.36343803 | U15: =(E15/(1-T15))*T15 -> 13716.237 | V15: =(H15/(1-T15))*T15 -> 3035.6824 | X15: 2001 | Y15: ='A6b-Chin (LN&CoastalCU)'!P22 -> 4934.8372 | AA15: ='A6b-Chin (LN&CoastalCU)'!AA22 -> 541.22482 | AB15: ='A6b-Chin (LN&CoastalCU)'!AE22 -> 379.08414 | AC15: ='A6b-Chin (LN&CoastalCU)'!AL22 -> 269.77999 | AD15: =SUM(AA15:AC15) -> 1190.0889 | AF15: ='A6b-Chin (LN&CoastalCU)'!AM22 -> 6125.0434 | AH15: 2001 | AI15: =SUM(C15,Y15) -> 34275.837 | AK15: =SUM(N15,AA15) -> 13009.009 | AL15: =SUM(O15,AB15) -> 2633 | AM15: =SUM(P15,AC15) -> 2300 | AN15: =SUM(Q15,AD15) -> 17942.009 | AP15: =SUM(S15,AF15) -> 52217.963
B16: 2002 | C16: ='A6-Chin (NEW2)'!C23 -> 14360 | E16: ='A6-Chin (NEW2)'!D23 -> 11839 | F16: ='Bayesian SD Ests (10Feb26rev)'!D18 -> 2477 | H16: ='Bayesian SD Ests (10Feb26rev)'!F18 -> 2521 | I16: ='Bayesian SD Ests (10Feb26rev)'!G18 -> 998 | K16: ='A6-Chin (NEW2)'!L23 -> 17089 | L16: ='Bayesian SD Ests (10Feb26rev)'!V18 -> 2692 | N16: ='A6a-Chin (Upper&MidCU)'!AA23 -> 6179.5978 | O16: ='A6a-Chin (Upper&MidCU)'!AE23 -> 6203.9629 | P16: ='A6a-Chin (Upper&MidCU)'!AK23 -> 1249.1862 | Q16: =SUM(N16:P16) -> 13632.747 | S16: ='A6a-Chin (Upper&MidCU)'!AL23 -> 27992.747 | T16: =Q16/S16 -> 0.48700997 | U16: =(E16/(1-T16))*T16 -> 11239.421 | V16: =(H16/(1-T16))*T16 -> 2393.3255 | X16: 2002 | Y16: ='A6b-Chin (LN&CoastalCU)'!P23 -> 2064.7532 | AA16: ='A6b-Chin (LN&CoastalCU)'!AA23 -> 271.95085 | AB16: ='A6b-Chin (LN&CoastalCU)'!AE23 -> 892.03706 | AC16: ='A6b-Chin (LN&CoastalCU)'!AL23 -> 150.81383 | AD16: =SUM(AA16:AC16) -> 1314.8017 | AF16: ='A6b-Chin (LN&CoastalCU)'!AM23 -> 3379.6626 | AH16: 2002 | AI16: =SUM(C16,Y16) -> 16424.753 | AK16: =SUM(N16,AA16) -> 6451.5486 | AL16: =SUM(O16,AB16) -> 7096 | AM16: =SUM(P16,AC16) -> 1400 | AN16: =SUM(Q16,AD16) -> 14947.549 | AP16: =SUM(S16,AF16) -> 31372.409
B17: 2003 | C17: ='A6-Chin (NEW2)'!C24 -> 30740 | E17: ='A6-Chin (NEW2)'!D24 -> 25724 | F17: ='Bayesian SD Ests (10Feb26rev)'!D19 -> 5259 | H17: ='Bayesian SD Ests (10Feb26rev)'!F19 -> 5016 | I17: ='Bayesian SD Ests (10Feb26rev)'!G19 -> 1912 | K17: ='A6-Chin (NEW2)'!L24 -> 34354 | L17: ='Bayesian SD Ests (10Feb26rev)'!V19 -> 5642 | N17: ='A6a-Chin (Upper&MidCU)'!AA24 -> 7824.9266 | O17: ='A6a-Chin (Upper&MidCU)'!AE24 -> 6605.0676 | P17: ='A6a-Chin (Upper&MidCU)'!AK24 -> 2118.8423 | Q17: =SUM(N17:P17) -> 16548.836 | S17: ='A6a-Chin (Upper&MidCU)'!AL24 -> 47288.836 | T17: =Q17/S17 -> 0.34995229 | U17: =(E17/(1-T17))*T17 -> 13848.48 | V17: =(H17/(1-T17))*T17 -> 2700.3567 | X17: 2003 | Y17: ='A6b-Chin (LN&CoastalCU)'!P24 -> 2968.9386 | AA17: ='A6b-Chin (LN&CoastalCU)'!AA24 -> 255.09392 | AB17: ='A6b-Chin (LN&CoastalCU)'!AE24 -> 637.93235 | AC17: ='A6b-Chin (LN&CoastalCU)'!AL24 -> 181.15775 | AD17: =SUM(AA17:AC17) -> 1074.184 | AF17: ='A6b-Chin (LN&CoastalCU)'!AM24 -> 4043.2014 | AH17: 2003 | AI17: =SUM(C17,Y17) -> 33708.939 | AK17: =SUM(N17,AA17) -> 8080.0205 | AL17: =SUM(O17,AB17) -> 7243 | AM17: =SUM(P17,AC17) -> 2300 | AN17: =SUM(Q17,AD17) -> 17623.02 | AP17: =SUM(S17,AF17) -> 51332.038
B18: 2004 | C18: ='A6-Chin (NEW2)'!C25 -> 13736.6 | E18: ='A6-Chin (NEW2)'!D25 -> 11335.6 | F18: ='Bayesian SD Ests (10Feb26rev)'!D20 -> 2864 | H18: ='Bayesian SD Ests (10Feb26rev)'!F20 -> 2401 | I18: ='Bayesian SD Ests (10Feb26rev)'!G20 -> 864 | K18: ='A6-Chin (NEW2)'!L25 -> 16604 | L18: ='Bayesian SD Ests (10Feb26rev)'!V20 -> 3003 | N18: ='A6a-Chin (Upper&MidCU)'!AA25 -> 6678.758 | O18: ='A6a-Chin (Upper&MidCU)'!AE25 -> 8033.3278 | P18: ='A6a-Chin (Upper&MidCU)'!AK25 -> 534.41128 | Q18: =SUM(N18:P18) -> 15246.497 | S18: ='A6a-Chin (Upper&MidCU)'!AL25 -> 28983.097 | T18: =Q18/S18 -> 0.52604789 | U18: =(E18/(1-T18))*T18 -> 12581.584 | V18: =(H18/(1-T18))*T18 -> 2664.9127 | X18: 2004 | Y18: ='A6b-Chin (LN&CoastalCU)'!P25 -> 1841.9326 | AA18: ='A6b-Chin (LN&CoastalCU)'!AA25 -> 465.94581 | AB18: ='A6b-Chin (LN&CoastalCU)'!AE25 -> 1077.1842 | AC18: ='A6b-Chin (LN&CoastalCU)'!AL25 -> 63.588724 | AD18: =SUM(AA18:AC18) -> 1606.7187 | AF18: ='A6b-Chin (LN&CoastalCU)'!AM25 -> 3448.7576 | AH18: 2004 | AI18: =SUM(C18,Y18) -> 15578.533 | AK18: =SUM(N18,AA18) -> 7144.7038 | AL18: =SUM(O18,AB18) -> 9110.512 | AM18: =SUM(P18,AC18) -> 598 | AN18: =SUM(Q18,AD18) -> 16853.216 | AP18: =SUM(S18,AF18) -> 32431.855
B19: 2005 | C19: ='A6-Chin (NEW2)'!C26 -> 13109.8 | E19: ='A6-Chin (NEW2)'!D26 -> 10776.8 | F19: ='Bayesian SD Ests (10Feb26rev)'!D21 -> 2392 | H19: ='Bayesian SD Ests (10Feb26rev)'!F21 -> 2333 | I19: ='Bayesian SD Ests (10Feb26rev)'!G21 -> 804 | K19: ='A6-Chin (NEW2)'!L26 -> 16179 | L19: ='Bayesian SD Ests (10Feb26rev)'!V21 -> 2404 | N19: ='A6a-Chin (Upper&MidCU)'!AA26 -> 7276.1398 | O19: ='A6a-Chin (Upper&MidCU)'!AE26 -> 4178.8795 | P19: ='A6a-Chin (Upper&MidCU)'!AK26 -> 218.77131 | Q19: =SUM(N19:P19) -> 11673.791 | S19: ='A6a-Chin (Upper&MidCU)'!AL26 -> 24783.591 | T19: =Q19/S19 -> 0.47102903 | U19: =(E19/(1-T19))*T19 -> 9596.3407 | V19: =(H19/(1-T19))*T19 -> 2077.45 | X19: 2005 | Y19: ='A6b-Chin (LN&CoastalCU)'!P26 -> 2546.645 | AA19: ='A6b-Chin (LN&CoastalCU)'!AA26 -> 260.39687 | AB19: ='A6b-Chin (LN&CoastalCU)'!AE26 -> 811.7685 | AC19: ='A6b-Chin (LN&CoastalCU)'!AL26 -> 32.228688 | AD19: =SUM(AA19:AC19) -> 1104.3941 | AF19: ='A6b-Chin (LN&CoastalCU)'!AM26 -> 3651.1675 | AH19: 2005 | AI19: =SUM(C19,Y19) -> 15656.445 | AK19: =SUM(N19,AA19) -> 7536.5367 | AL19: =SUM(O19,AB19) -> 4990.648 | AM19: =SUM(P19,AC19) -> 251 | AN19: =SUM(Q19,AD19) -> 12778.185 | AP19: =SUM(S19,AF19) -> 28434.758
... B39: 2025 | C39: ='A6-Chin (NEW2)'!C46 -> 10359.973 | E39: ='A6-Chin (NEW2)'!D46 -> 8529.9727 | F39: ='Bayesian SD Ests (10Feb26rev)'!D41 -> 880 | H39: ='Bayesian SD Ests (10Feb26rev)'!F41 -> 1830 | I39: ='Bayesian SD Ests (10Feb26rev)'!G41 -> 811 | K39: ='A6-Chin (NEW2)'!L46 -> 12326 | L39: ='Bayesian SD Ests (10Feb26rev)'!V41 -> 1119 | N39: ='A6a-Chin (Upper&MidCU)'!AA46 -> 5199.8265 | O39: ='A6a-Chin (Upper&MidCU)'!AE46 -> 298.44376 | P39: ='A6a-Chin (Upper&MidCU)'!AK46 -> 741.62585 | Q39: =SUM(N39:P39) -> 6239.8961 | S39: ='A6a-Chin (Upper&MidCU)'!AL46 -> 16599.869 | T39: =Q39/S39 -> 0.37590033 | U39: =(E39/(1-T39))*T39 -> 5137.6721 | V39: =(H39/(1-T39))*T39 -> 1102.2239 | X39: 2025 | Y39: ='A6b-Chin (LN&CoastalCU)'!P46 -> 15029.316 | AA39: ='A6b-Chin (LN&CoastalCU)'!AA46 -> 95.41405 | AB39: ='A6b-Chin (LN&CoastalCU)'!AE46 -> 432.95534 | AC39: ='A6b-Chin (LN&CoastalCU)'!AL46 -> 727.56998 | AD39: =SUM(AA39:AC39) -> 1255.9394 | AF39: ='A6b-Chin (LN&CoastalCU)'!AM46 -> 16285.75 | AH39: 2025 | AI39: =SUM(C39,Y39) -> 25389.288 | AK39: =SUM(N39,AA39) -> 5295.2405 | AL39: =SUM(O39,AB39) -> 731.3991 | AM39: =SUM(P39,AC39) -> 1469.1958 | AN39: =SUM(Q39,AD39) -> 7495.8354 | AP39: =SUM(S39,AF39) -> 32885.619

Sheet A6-Chin (NEW2)
A1: Appendix A6. | C1: Annual estimates of escapement, catch and total stock size estimates for adult Chinook salmon returning to the Nass River, 1992 to present. | AN1: 0.25 | AO1: =AN1*V39 -> 5008.6873 | AX1: Total: ER | BS1: Canadian Commercial | BT1: Nisga'a Harvest | BU1: Gitanyow Harvest | BV1: Sport - Tidal | BW1: Sport - FW | BX1: Total Can. Catch | BY1: NEW TRTC | BZ1: Can HR% | CA1: Can Mar.HR% | CB1: Can IR HR% | CC1: US HR% | CD1: TOTAL HR% | CM1: Nass Chinook - Nisga'a Allocation Summary | DA1: Nisga'a%: | DB1: 0.21 | DD1: Max: | DE1: 12600
AX2: =AVERAGE(Z27:Z38) -> 5450.5857 | AY2: =AVERAGE(AC27:AC38) -> 1956.1727 | AZ2: =AVERAGE(AD27:AD38,Y27:Y38) -> 852.37111 | BA2: =AVERAGE(X27:X38) -> 138.66667 | BB2: =SUM(AX2:BA2) -> 8397.7961 | BC2: =AVERAGE(AK27:AK38) -> 1202.0833 | DD2: Esc: | DE2: 15000
C3: Upper & Middle Nass River | P3: Lower Nass R. & Coastal Nass Area | V3: Total Nass Area | AK3: Alaskan catchj | AL3: Total Runk | AX3: =AVERAGE(AX27:AX38) -> 0.20442026 | AY3: =AVERAGE(AY27:AY38) -> 0.069835168 | AZ3: =AVERAGE(AZ27:AZ38) -> 0.060743361 | BA3: =AVERAGE(BA27:BA38) -> 0.0048083772 | BB3: =AVERAGE(BB27:BB38) -> 0.33980717 | BC3: =AVERAGE(BC27:BC38) -> 0.045164018 | BD3: =BC3+AZ3+AY3 -> 0.17574255 | DD3: Min Esc G: | DE3: 10000
C4: Net Esc.a | G4: In-river Catch | L4: Run size to GWe | R4: In-river Catch | V4: Net Esc.g | X4: In-river Catch | AC4: Marine Catchh | AG4: Release Mortality | AJ4: Total Return to Canadai | AS4: Upper: | BG4: PSC - Table 1 | BK4: PSC - Table 1 | CF4: Original (11Dec25) | DA4: Max underage allowance | DB4: Underage Allowance
B5: Year | C5: Net Esc. totala | D5: Upper | E5: Middle | G5: UFN b | H5: Sportc | I5: Nisga'ad | J5: Total | M5: SF% | N5: Coastal Vis. Obs. | O5: Factor | P5: Net Esc.f | R5: Sportc | S5: Nisga'ad | T5: Total | U5: SF% | X5: UFN b | Y5: Sportc | Z5: Nisga'ad | AA5: Total | AC5: Comm. | AD5: Sport | AE5: Total | AG5: Comm | AH5: Sport | AI5: Nisga'a | AM5: DFO (23) | AN5: GH MR est. | AO5: Upper FN% | AP5: Rank (Lowest) | AR5: ER | AS5: Nisga'a | AT5: SF | AU5: Total | AX5: Nisga'a | AY5: Com. | AZ5: SF | BA5: Other | BB5: Total | BC5: Alaska | BG5: Upper-net | BH5: TRTC | BI5: Total Run | BK5: Upper-net | BL5: TRTC | BM5: Total Run | BO5: GH catch | BP5: Mez | BQ5: Kwin | CF5: TRTC | CG5: TR | CH5: TRTC Diff (new-old) | CI5: TR Diff (new-old) | CJ5: ESC old (11Dec25) | CK5: ESC Diff (new-old) | CM5: Year | CN5: TRTC | CO5: RAC | CP5: TAC | CQ5: Total Net Esc. | CR5: Min. Esc goal reached | CS5: Esc goal reached | CT5: Nisga'a share | CU5: Final Nisga'a share | CV5: Overharvest adjustment (4 d) | CW5: Overharvest adjustment (4 f) | CX5: Nisga'a harvest | CY5: Diff. | CZ5: MGT uncert. % | DC5: Signed off by JTC | DD5: Cum account | DE5: Table 9 new | DF5: Foregone | DH5: Coastal contribution | DK5: CF | DL5: SF | DS5: New Esc | DT5: Old Esc | DW5: New TRTC | DX5: Old TRTC | DY5: Diff | EG5: OTHER | EI5: Coastal/Upper | EJ5: Coastal/Total | EL5: Fishery officer | EM5: Escapement | EN5: Nisga'a | EO5: Other Can | EP5: Alaska | ET5: IN harvest rate | EW5: Other Canadian | FB5: Upper Nass | FC5: %Upper to lower | FE5: GW
B7: 1986 | C7: 36523.343 | G7: 166 | H7: 331 | I7: 939 | J7: 1436 | L7: =C7+J7 -> 37959.343 | P7: 2137.5 | R7: 0 | S7: 3038 | T7: =SUM(R7:S7) -> 3038 | V7: =SUM(P7,C7) -> 38660.843 | X7: 166 | Y7: 331 | Z7: 3977 | AA7: =SUM(X7:Z7) -> 4474 | AC7: 3259 | AD7: 1933 | AE7: =SUM(AC7:AD7) -> 5192 | AJ7: =SUM(V7,AA7,AE7,SUM(AG7:AI7)) -> 48326.843 | AK7: =ROUND(AJ7/(1-BC$53)-AJ7,-2) -> 2300 | AL7: =SUM(AJ7:AK7) -> 50626.843 | AN7: 9665.2108 | BS7: =AC7 -> 3259 | BT7: =Z7 -> 3977 | BU7: =X7 -> 166 | BV7: =AD7 -> 1933 | BW7: =Y7 -> 331 | BX7: =SUM(BS7:BW7) -> 9666 | BY7: =AJ7 -> 48326.843 | BZ7: =BX7/BY7 -> 0.20001307 | CA7: =SUM(BV7,BS7)/BX7 -> 0.53714049 | CB7: =SUM(BT7:BU7,BW7)/BX7 -> 0.46285951 | CC7: =AK7/(BX7+AK7) -> 0.19221127 | DH7: =P7/V7 -> 0.0552885 | EL7: =V7/1000 -> 38.660843 | EN7: =Z7/1000 -> 3.977 | EO7: =SUM(X7:Y7,AE7)/1000 -> 5.689 | EP7: =AK7/1000 -> 2.3 | ET7: =J7/L7 -> 0.037829949 | EW7: =BX7-BT7 -> 5689 | FE7: =ROUND(L7,-3) -> 38000
B8: 1987 | C8: 19539.879 | G8: 92 | H8: 184 | I8: 521 | J8: 797 | L8: =C8+J8 -> 20336.879 | P8: 1930.4061 | R8: 0 | S8: 1687 | T8: =SUM(R8:S8) -> 1687 | V8: =SUM(P8,C8) -> 21470.285 | X8: 92 | Y8: 184 | Z8: 2208 | AA8: =SUM(X8:Z8) -> 2484 | AC8: 1810 | AD8: 1074 | AE8: =SUM(AC8:AD8) -> 2884 | AJ8: =SUM(V8,AA8,AE8,SUM(AG8:AI8)) -> 26838.285 | AK8: =ROUND(AJ8/(1-BC$53)-AJ8,-2) -> 1300 | AL8: =SUM(AJ8:AK8) -> 28138.285 | AN8: 5367.5713 | BS8: =AC8 -> 1810 | BT8: =Z8 -> 2208 | BU8: =X8 -> 92 | BV8: =AD8 -> 1074 | BW8: =Y8 -> 184 | BX8: =SUM(BS8:BW8) -> 5368 | BY8: =AJ8 -> 26838.285 | BZ8: =BX8/BY8 -> 0.20001278 | CA8: =SUM(BV8,BS8)/BX8 -> 0.53725782 | CB8: =SUM(BT8:BU8,BW8)/BX8 -> 0.46274218 | CC8: =AK8/(BX8+AK8) -> 0.19496101 | DH8: =P8/V8 -> 0.089910592 | EL8: =V8/1000 -> 21.470285 | EN8: =Z8/1000 -> 2.208 | EO8: =SUM(X8:Y8,AE8)/1000 -> 3.16 | EP8: =AK8/1000 -> 1.3 | ET8: =J8/L8 -> 0.039189887 | EW8: =BX8-BT8 -> 3160 | FE8: =ROUND(L8,-3) -> 20000
B9: 1988 | C9: 15345.107 | G9: 72 | H9: 144 | I9: 409 | J9: 625 | L9: =C9+J9 -> 15970.107 | P9: 1503.185 | R9: 0 | S9: 1324 | T9: =SUM(R9:S9) -> 1324 | V9: =SUM(P9,C9) -> 16848.292 | X9: 72 | Y9: 144 | Z9: 1733 | AA9: =SUM(X9:Z9) -> 1949 | AC9: 1420 | AD9: 842 | AE9: =SUM(AC9:AD9) -> 2262 | AJ9: =SUM(V9,AA9,AE9,SUM(AG9:AI9)) -> 21059.292 | AK9: =ROUND(AJ9/(1-BC$53)-AJ9,-2) -> 1000 | AL9: =SUM(AJ9:AK9) -> 22059.292 | AN9: 4212.073 | BS9: =AC9 -> 1420 | BT9: =Z9 -> 1733 | BU9: =X9 -> 72 | BV9: =AD9 -> 842 | BW9: =Y9 -> 144 | BX9: =SUM(BS9:BW9) -> 4211 | BY9: =AJ9 -> 21059.292 | BZ9: =BX9/BY9 -> 0.19995924 | CA9: =SUM(BV9,BS9)/BX9 -> 0.53716457 | CB9: =SUM(BT9:BU9,BW9)/BX9 -> 0.46283543 | CC9: =AK9/(BX9+AK9) -> 0.19190175 | DH9: =P9/V9 -> 0.089218839 | EL9: =V9/1000 -> 16.848292 | EN9: =Z9/1000 -> 1.733 | EO9: =SUM(X9:Y9,AE9)/1000 -> 2.478 | EP9: =AK9/1000 -> 1 | ET9: =J9/L9 -> 0.039135618 | EW9: =BX9-BT9 -> 2478 | FE9: =ROUND(L9,-3) -> 16000
B10: 1989 | C10: 28133.121 | G10: 125 | H10: 250 | I10: 709 | J10: 1084 | L10: =C10+J10 -> 29217.121 | P10: 1068.0525 | R10: 0 | S10: 2295 | T10: =SUM(R10:S10) -> 2295 | V10: =SUM(P10,C10) -> 29201.173 | X10: 125 | Y10: 250 | Z10: 3004 | AA10: =SUM(X10:Z10) -> 3379 | AC10: 2461 | AD10: 1460 | AE10: =SUM(AC10:AD10) -> 3921 | AJ10: =SUM(V10,AA10,AE10,SUM(AG10:AI10)) -> 36501.173 | AK10: =ROUND(AJ10/(1-BC$53)-AJ10,-2) -> 1700 | AL10: =SUM(AJ10:AK10) -> 38201.173 | AN10: 7300.2934 | BS10: =AC10 -> 2461 | BT10: =Z10 -> 3004 | BU10: =X10 -> 125 | BV10: =AD10 -> 1460 | BW10: =Y10 -> 250 | BX10: =SUM(BS10:BW10) -> 7300 | BY10: =AJ10 -> 36501.173 | BZ10: =BX10/BY10 -> 0.19999357 | CA10: =SUM(BV10,BS10)/BX10 -> 0.53712329 | CB10: =SUM(BT10:BU10,BW10)/BX10 -> 0.46287671 | CC10: =AK10/(BX10+AK10) -> 0.18888889 | DH10: =P10/V10 -> 0.036575672 | EL10: =V10/1000 -> 29.201173 | EN10: =Z10/1000 -> 3.004 | EO10: =SUM(X10:Y10,AE10)/1000 -> 4.296 | EP10: =AK10/1000 -> 1.7 | ET10: =J10/L10 -> 0.037101534 | EW10: =BX10-BT10 -> 4296 | FE10: =ROUND(L10,-3) -> 29000
B11: 1990 | C11: 24051.46 | G11: 114 | H11: 227 | I11: 644 | J11: 985 | L11: =C11+J11 -> 25036.46 | P11: 2460 | R11: 0 | S11: 2083 | T11: =SUM(R11:S11) -> 2083 | V11: =SUM(P11,C11) -> 26511.46 | X11: 114 | Y11: 227 | Z11: 2727 | AA11: =SUM(X11:Z11) -> 3068 | AC11: 2235 | AD11: 1326 | AE11: =SUM(AC11:AD11) -> 3561 | AJ11: =SUM(V11,AA11,AE11,SUM(AG11:AI11)) -> 33140.46 | AK11: =ROUND(AJ11/(1-BC$53)-AJ11,-2) -> 1600 | AL11: =SUM(AJ11:AK11) -> 34740.46 | AN11: 6627.865 | BS11: =AC11 -> 2235 | BT11: =Z11 -> 2727 | BU11: =X11 -> 114 | BV11: =AD11 -> 1326 | BW11: =Y11 -> 227 | BX11: =SUM(BS11:BW11) -> 6629 | BY11: =AJ11 -> 33140.46 | BZ11: =BX11/BY11 -> 0.2000274 | CA11: =SUM(BV11,BS11)/BX11 -> 0.5371851 | CB11: =SUM(BT11:BU11,BW11)/BX11 -> 0.4628149 | CC11: =AK11/(BX11+AK11) -> 0.19443432 | DH11: =P11/V11 -> 0.092790061 | EL11: =V11/1000 -> 26.51146 | EN11: =Z11/1000 -> 2.727 | EO11: =SUM(X11:Y11,AE11)/1000 -> 3.902 | EP11: =AK11/1000 -> 1.6 | ET11: =J11/L11 -> 0.039342622 | EW11: =BX11-BT11 -> 3902 | FE11: =ROUND(L11,-3) -> 25000
B12: 1991 | C12: 6906.5654 | G12: 73 | H12: 146 | I12: 415 | J12: 634 | L12: =C12+J12 -> 7540.5654 | P12: 1019.1178 | R12: 0 | S12: 1341 | T12: =SUM(R12:S12) -> 1341 | V12: =SUM(P12,C12) -> 7925.6832 | X12: 73 | Y12: 146 | Z12: 1756 | AA12: =SUM(X12:Z12) -> 1975 | AC12: 1439 | AD12: 854 | AE12: =SUM(AC12:AD12) -> 2293 | AJ12: =SUM(V12,AA12,AE12,SUM(AG12:AI12)) -> 12193.683 | AK12: =ROUND(AJ12/(1-BC$53)-AJ12,-2) -> 600 | AL12: =SUM(AJ12:AK12) -> 12793.683 | AN12: 4267.6756 | BS12: =AC12 -> 1439 | BT12: =Z12 -> 1756 | BU12: =X12 -> 73 | BV12: =AD12 -> 854 | BW12: =Y12 -> 146 | BX12: =SUM(BS12:BW12) -> 4268 | BY12: =AJ12 -> 12193.683 | BZ12: =BX12/BY12 -> 0.35001729 | CA12: =SUM(BV12,BS12)/BX12 -> 0.53725398 | CB12: =SUM(BT12:BU12,BW12)/BX12 -> 0.46274602 | CC12: =AK12/(BX12+AK12) -> 0.1232539 | DH12: =P12/V12 -> 0.12858423 | EL12: =V12/1000 -> 7.9256832 | EN12: =Z12/1000 -> 1.756 | EO12: =SUM(X12:Y12,AE12)/1000 -> 2.512 | EP12: =AK12/1000 -> 0.6 | ET12: =J12/L12 -> 0.084078576 | EW12: =BX12-BT12 -> 2512 | FE12: =ROUND(L12,-3) -> 8000
B13: 1992 | C13: =L13-J13 -> 16808 | G13: ='[1]Data-Nisgaa & Other FN Catch'!BI5 -> 612 | H13: 1339 | I13: ='Data-Chin-Nisga''a'!N7 -> 1308.1728 | J13: =SUM(G13:I13) -> 3259.1728 | L13: ='Bayesian Sum (10Feb26)'!K8 -> 20067.173 | M13: =H13/L13 -> 0.066725892 | N13: ='Data-Coastal-Chin-Esc (new)'!J20 -> 605 | O13: =P13/N13 -> 2.3333278 | P13: ='Data-Coastal-Chin-Esc (new)'!AA20 -> 1411.6633 | R13: UNK | S13: ='Data-Chin-Nisga''a'!P7+'Data-Chin-Nisga''a'!Q7+'Data-Chin-Nisga''a'!O7 -> 5750.8272 | T13: =SUM(R13:S13) -> 5750.8272 | V13: =SUM(P13,C13) -> 18219.663 | X13: =G13 -> 612 | Y13: =SUM(H13,R13) -> 1339 | Z13: =SUM(I13,S13) -> 7059 | AA13: =SUM(X13:Z13) -> 9010 | AC13: ='A3.1b CF-tidal-Harvests (Chin)'!G7 -> 5464.5209 | AD13: 3207.1458 | AE13: =SUM(AC13:AD13) -> 8671.6667 | AJ13: =SUM(V13,AA13,AE13) -> 35901.33 | AK13: =ROUND(AJ13/(1-BC$53)-AJ13,-2) -> 1700 | AL13: =SUM(AJ13:AK13) -> 37601.33 | AN13: 20870 | AO13: =X13/AN13 -> 0.029324389 | AP13: =RANK(L13,L$13:L$46,1) -> 19 | AR13: =SUM(AE13,AA13,AK13)/AL13 -> 0.51545163 | AS13: =I13/$L13 -> 0.06518969 | AT13: =H13/$L13 -> 0.066725892 | AU13: =J13/$L13 -> 0.16241315 | AX13: =Z13/$AL13 -> 0.18773272 | AY13: =AC13/$AL13 -> 0.14532786 | AZ13: =SUM(Y13,AD13)/$AL13 -> 0.12090386 | BA13: =X13/AL13 -> 0.01627602 | BB13: =SUM(AA13,AE13)/AL13 -> 0.47024046 | BC13: =AK13/AL13 -> 0.045211167 | BD13: =SUM(AA13,AE13,AK13)/AL13 -> 0.51545163 | BG13: ='[1]Data-PSC CH Tables'!C7 -> 16808 | BH13: ='[1]Data-PSC CH Tables'!AG7 -> 35397.167 | BI13: ='[1]Data-PSC CH Tables'!AI7 -> 37197.167 | BK13: =BG13-C13 -> 0 | BL13: =BH13-AJ13 -> -504.1633 | BM13: =BI13-AL13 -> -404.1633 | BS13: =AC13 -> 5464.5209 | BT13: =Z13 -> 7059 | BU13: =X13 -> 612 | BV13: =AD13 -> 3207.1458 | BW13: =Y13 -> 1339 | BX13: =SUM(BS13:BW13) -> 17681.667 | BY13: =AJ13 -> 35901.33 | BZ13: =BX13/BY13 -> 0.49250729 | CA13: =SUM(BV13,BS13)/BX13 -> 0.49043265 | CB13: =SUM(BT13:BU13,BW13)/BX13 -> 0.50956735 | CC13: =AK13/(BX13+AK13) -> 0.087711755 | CF13: 35901.33 | CG13: 37701.33 | CH13: =CF13-AJ13 -> 0 | CI13: =CG13-AL13 -> 100 | CJ13: 18219.663 | CK13: =V13-CJ13 -> 0 | DH13: =P13/V13 -> 0.077480208 | DK13: =AA13+V13 -> 27229.663 | DN13: =($DK13*DK$50) -> 2608.8511 | DO13: =DN13/DK13 -> 0.095809158 | DP13: =($DK13*DL$50) -> 1047.681 | DQ13: =DP13/DK13 -> 0.038475722 | DS13: =V13 -> 18219.663 | DT13: 17715.5 | DU13: =DT13-DS13 -> -504.1633 | DW13: =AJ13 -> 35901.33 | DX13: 34686.667 | DY13: =DX13-DW13 -> -1214.6633 | EA13: 8671.6667 | EC13: =ROUND(EA13*EC$48,0) -> 5605 | ED13: =EA13-EC13 -> 3066.6667 | EE13: =SUM(EC13:ED13) -> 8671.6667 | EG13: =SUM(X13:Y13,AE13) -> 10622.667 | EI13: =$P13/B13 -> 0.70866631 | EJ13: =$P13/V13 -> 0.077480208 | EM13: =V13/1000 -> 18.219663 | EN13: =Z13/1000 -> 7.059 | EO13: =SUM(X13:Y13,AE13)/1000 -> 10.622667 | EP13: =AK13/1000 -> 1.7 | ET13: =J13/L13 -> 0.16241315 | EW13: =BX13-BT13 -> 10622.667 | EY13: =G13+H13 -> 1951 | EZ13: =EY13+R13 -> #VALUE! | FB13: =L13+SUM(S13,AE13,AK13)*FC13 -> 35130.041 | FC13: =L13/SUM(L13,P13) -> 0.93427655 | FE13: =ROUND(L13,-3) -> 20000
B14: 1993 | C14: =L14-J14 -> 24814 | G14: ='[1]Data-Nisgaa & Other FN Catch'!BI6 -> 600 | H14: 983 | I14: ='Data-Chin-Nisga''a'!N8 -> 1526.1184 | J14: =SUM(G14:I14) -> 3109.1184 | L14: ='Bayesian Sum (10Feb26)'!K9 -> 27923.118 | M14: =H14/L14 -> 0.035203804 | N14: ='Data-Coastal-Chin-Esc (new)'!J21 -> 782.82789 | O14: =P14/N14 -> 2.3333278 | P14: ='Data-Coastal-Chin-Esc (new)'!AA21 -> 1826.594 | R14: UNK | S14: ='Data-Chin-Nisga''a'!P8+'Data-Chin-Nisga''a'!Q8+'Data-Chin-Nisga''a'!O8 -> 4059.8816 | T14: =SUM(R14:S14) -> 4059.8816 | V14: =SUM(P14,C14) -> 26640.594 | X14: =G14 -> 600 | Y14: =SUM(H14,R14) -> 983 | Z14: =SUM(I14,S14) -> 5586 | AA14: =SUM(X14:Z14) -> 7169 | AC14: ='A3.1b CF-tidal-Harvests (Chin)'!G8 -> 7809.3391 | AD14: 4583.3275 | AE14: =SUM(AC14:AD14) -> 12392.667 | AJ14: =SUM(V14,AA14,AE14) -> 46202.261 | AK14: =ROUND(AJ14/(1-BC$53)-AJ14,-2) -> 2200 | AL14: =SUM(AJ14:AK14) -> 48402.261 | AN14: 21829.333 | AO14: =X14/AN14 -> 0.027485952 | AP14: =RANK(L14,L$13:L$46,1) -> 31 | AR14: =SUM(AE14,AA14,AK14)/AL14 -> 0.44960021 | AS14: =I14/L14 -> 0.054654298 | AT14: =H14/$L14 -> 0.035203804 | AU14: =J14/$L14 -> 0.11134567 | AX14: =Z14/$AL14 -> 0.11540783 | AY14: =AC14/$AL14 -> 0.16134245 | AZ14: =SUM(Y14,AD14)/$AL14 -> 0.1150014 | BA14: =X14/AL14 -> 0.012396115 | BB14: =SUM(AA14,AE14)/AL14 -> 0.40414779 | BC14: =AK14/AL14 -> 0.045452422 | BD14: =SUM(AA14,AE14,AK14)/AL14 -> 0.44960021 | BG14: ='[1]Data-PSC CH Tables'!C8 -> 24814 | BH14: ='[1]Data-PSC CH Tables'!AG8 -> 45414.425 | BI14: ='[1]Data-PSC CH Tables'!AI8 -> 47714.425 | BK14: =BG14-C14 -> 0 | BL14: =BH14-AJ14 -> -787.83581 | BM14: =BI14-AL14 -> -687.83581 | BS14: =AC14 -> 7809.3391 | BT14: =Z14 -> 5586 | BU14: =X14 -> 600 | BV14: =AD14 -> 4583.3275 | BW14: =Y14 -> 983 | BX14: =SUM(BS14:BW14) -> 19561.667 | BY14: =AJ14 -> 46202.261 | BZ14: =BX14/BY14 -> 0.42339198 | CA14: =SUM(BV14,BS14)/BX14 -> 0.63351793 | CB14: =SUM(BT14:BU14,BW14)/BX14 -> 0.36648207 | CC14: =AK14/(BX14+AK14) -> 0.1010952 | CF14: 46202.261 | CG14: 48502.261 | CH14: =CF14-AJ14 -> 0 | CI14: =CG14-AL14 -> 100 | CJ14: 26640.594 | CK14: =V14-CJ14 -> 0 | DH14: =P14/V14 -> 0.068564314 | DK14: =AA14+V14 -> 33809.594 | DN14: =(DK14*DK$50) -> 3239.2687 | DO14: =DN14/DK14 -> 0.095809158 | DP14: =($DK14*DL$50) -> 1300.8485 | DQ14: =DP14/DK14 -> 0.038475722 | DS14: =V14 -> 26640.594 | DT14: 25852.758 | DU14: =DT14-DS14 -> -787.83581 | DW14: =AJ14 -> 46202.261 | DX14: 49570.667 | DY14: =DX14-DW14 -> 3368.406 | EA14: 12392.667 | EC14: =ROUND(EA14*EC$48,0) -> 8009 | ED14: =EA14-EC14 -> 4383.6667 | EE14: =SUM(EC14:ED14) -> 12392.667 | EG14: =SUM(X14:Y14,AE14) -> 13975.667 | EI14: =P14/B14 -> 0.91650479 | EJ14: =$P14/V14 -> 0.068564314 | EM14: =V14/1000 -> 26.640594 | EN14: =Z14/1000 -> 5.586 | EO14: =SUM(X14:Y14,AE14)/1000 -> 13.975667 | EP14: =AK14/1000 -> 2.2 | ET14: =J14/L14 -> 0.11134567 | EW14: =BX14-BT14 -> 13975.667 | EY14: =G14+H14 -> 1583 | EZ14: =EY14+R14 -> #VALUE! | FB14: =L14+SUM(S14,AE14,AK14)*FC14 -> 45430.424 | FC14: =L14/SUM(L14,P14) -> 0.93860129 | FE14: =ROUND(L14,-3) -> 28000
B15: 1994 | C15: =L15-J15 -> 23639.335 | D15: =C15-E15 -> 19706.335 | E15: ='Bayesian Sum (10Feb26)'!H10 -> 3933 | G15: ='[1]Data-Nisgaa & Other FN Catch'!BI7 -> 120 | H15: 893 | I15: ='Data-Chin-Nisga''a'!N9 -> 2097.6648 | J15: =SUM(G15:I15) -> 3110.6648 | L15: ='Bayesian Sum (10Feb26)'!K10 -> 26750 | M15: =H15/L15 -> 0.033383178 | N15: ='Data-Coastal-Chin-Esc (new)'!J22 -> 2376.1408 | O15: =P15/N15 -> 2.3333278 | P15: ='Data-Coastal-Chin-Esc (new)'!AA22 -> 5544.3154 | R15: UNK | S15: ='Data-Chin-Nisga''a'!P9+'Data-Chin-Nisga''a'!Q9+'Data-Chin-Nisga''a'!O9 -> 4115.3352 | T15: =SUM(R15:S15) -> 4115.3352 | V15: =SUM(P15,C15) -> 29183.651 | X15: =G15 -> 120 | Y15: =SUM(H15,R15) -> 893 | Z15: =SUM(I15,S15) -> 6213 | AA15: =SUM(X15:Z15) -> 7226 | AC15: ='A3.1b CF-tidal-Harvests (Chin)'!G9 -> 6731.471 | AD15: 3950.7231 | AE15: =SUM(AC15:AD15) -> 10682.194 | AJ15: =SUM(V15,AA15,AE15) -> 47091.845 | AK15: =ROUND(AJ15/(1-BC$53)-AJ15,-2) -> 2300 | AL15: =SUM(AJ15:AK15) -> 49391.845 | AN15: ='[1]Data-FW Catch Rates - new'!CE9 -> 23205.075 | AO15: =X15/AN15 -> 0.0051712826 | AP15: =RANK(L15,L$13:L$46,1) -> 28 | AR15: =SUM(AE15,AA15,AK15)/AL15 -> 0.4091403 | AS15: =I15/L15 -> 0.078417375 | AT15: =H15/$L15 -> 0.033383178 | AU15: =J15/$L15 -> 0.11628653 | AX15: =Z15/$AL15 -> 0.12579 | AY15: =AC15/$AL15 -> 0.13628709 | AZ15: =SUM(Y15,AD15)/$AL15 -> 0.098067264 | BA15: =X15/AL15 -> 0.0024295509 | BB15: =SUM(AA15,AE15)/AL15 -> 0.36257391 | BC15: =AK15/AL15 -> 0.046566392 | BD15: =SUM(AA15,AE15,AK15)/AL15 -> 0.4091403 | BG15: ='[1]Data-PSC CH Tables'!C9 -> 21169 | BH15: ='[1]Data-PSC CH Tables'!AG9 -> 42779.776 | BI15: ='[1]Data-PSC CH Tables'!AI9 -> 44979.776 | BK15: =BG15-C15 -> -2470.3352 | BL15: =BH15-AJ15 -> -4312.0685 | BM15: =BI15-AL15 -> -4412.0685 | BS15: =AC15 -> 6731.471 | BT15: =Z15 -> 6213 | BU15: =X15 -> 120 | BV15: =AD15 -> 3950.7231 | BW15: =Y15 -> 893 | BX15: =SUM(BS15:BW15) -> 17908.194 | BY15: =AJ15 -> 47091.845 | BZ15: =BX15/BY15 -> 0.38028228 | CA15: =SUM(BV15,BS15)/BX15 -> 0.59649756 | CB15: =SUM(BT15:BU15,BW15)/BX15 -> 0.40350244 | CC15: =AK15/(BX15+AK15) -> 0.11381522 | CF15: 44621.509 | CG15: 46921.509 | CH15: =CF15-AJ15 -> -2470.3352 | CI15: =CG15-AL15 -> -2470.3352 | CJ15: 26713.315 | CK15: =V15-CJ15 -> 2470.3352 | DH15: =P15/V15 -> 0.18998019 | DK15: =AA15+V15 -> 36409.651 | DN15: =(DK15*DK$50) -> 3488.378 | DO15: =DN15/DK15 -> 0.095809158 | DP15: =($DK15*DL$50) -> 1400.8876 | DQ15: =DP15/DK15 -> 0.038475722 | DS15: =V15 -> 29183.651 | DT15: 24871.582 | DU15: =DT15-DS15 -> -4312.0685 | DW15: =AJ15 -> 47091.845 | DX15: 42728.776 | DY15: =DX15-DW15 -> -4363.0685 | EA15: 10682.194 | EC15: =ROUND(EA15*EC$48,0) -> 6904 | ED15: =EA15-EC15 -> 3778.194 | EE15: =SUM(EC15:ED15) -> 10682.194 | EG15: =SUM(X15:Y15,AE15) -> 11695.194 | EI15: =P15/B15 -> 2.7804992 | EJ15: =$P15/V15 -> 0.18998019 | EM15: =V15/1000 -> 29.183651 | EN15: =Z15/1000 -> 6.213 | EO15: =SUM(X15:Y15,AE15)/1000 -> 11.695194 | EP15: =AK15/1000 -> 2.3 | ET15: =J15/L15 -> 0.11628653 | EW15: =BX15-BT15 -> 11695.194 | EY15: =G15+H15 -> 1013 | EZ15: =EY15+R15 -> #VALUE! | FB15: =L15+SUM(S15,AE15,AK15)*FC15 -> 40912.211 | FC15: =L15/SUM(L15,P15) -> 0.82831915 | FE15: =ROUND(L15,-3) -> 27000
B16: 1995 | C16: =L16-J16 -> 9184.6097 | D16: =C16-E16 -> 7465.6097 | E16: ='Bayesian Sum (10Feb26)'!H11 -> 1719 | G16: ='[1]Data-Nisgaa & Other FN Catch'!BI8 -> 72 | H16: 695 | I16: ='Data-Chin-Nisga''a'!N10 -> 1812.3903 | J16: =SUM(G16:I16) -> 2579.3903 | L16: ='Bayesian Sum (10Feb26)'!K11 -> 11764 | M16: =H16/L16 -> 0.059078545 | N16: ='Data-Coastal-Chin-Esc (new)'!J23 -> 624.49855 | O16: =P16/N16 -> 2.3333278 | P16: ='Data-Coastal-Chin-Esc (new)'!AA23 -> 1457.1598 | R16: UNK | S16: ='Data-Chin-Nisga''a'!P10+'Data-Chin-Nisga''a'!Q10+'Data-Chin-Nisga''a'!O10 -> 4903.6097 | T16: =SUM(R16:S16) -> 4903.6097 | V16: =SUM(P16,C16) -> 10641.769 | X16: =G16 -> 72 | Y16: =SUM(H16,R16) -> 695 | Z16: =SUM(I16,S16) -> 6716 | AA16: =SUM(X16:Z16) -> 7483 | AC16: ='A3.1b CF-tidal-Harvests (Chin)'!G10 -> 3408.7592 | AD16: 2000.6123 | AE16: =SUM(AC16:AD16) -> 5409.3715 | AJ16: =SUM(V16,AA16,AE16) -> 23534.141 | AK16: =ROUND(AJ16/(1-BC$53)-AJ16,-2) -> 1100 | AL16: =SUM(AJ16:AK16) -> 24634.141 | AN16: ='[1]Data-FW Catch Rates - new'!CE10 -> 9910.0909 | AO16: =X16/AN16 -> 0.0072653218 | AP16: =RANK(L16,L$13:L$46,1) -> 5 | AR16: =SUM(AE16,AA16,AK16)/AL16 -> 0.56800728 | AS16: =I16/L16 -> 0.15406242 | AT16: =H16/$L16 -> 0.059078545 | AU16: =J16/$L16 -> 0.21926133 | AX16: =Z16/$AL16 -> 0.27262976 | AY16: =AC16/$AL16 -> 0.1383754 | AZ16: =SUM(Y16,AD16)/$AL16 -> 0.10942587 | BA16: =X16/AL16 -> 0.0029227729 | BB16: =SUM(AA16,AE16)/AL16 -> 0.52335381 | BC16: =AK16/AL16 -> 0.044653475 | BD16: =SUM(AA16,AE16,AK16)/AL16 -> 0.56800728 | BG16: ='[1]Data-PSC CH Tables'!C10 -> 7844 | BH16: ='[1]Data-PSC CH Tables'!AG10 -> 21709.486 | BI16: ='[1]Data-PSC CH Tables'!AI10 -> 22809.486 | BK16: =BG16-C16 -> -1340.6097 | BL16: =BH16-AJ16 -> -1824.6549 | BM16: =BI16-AL16 -> -1824.6549 | BS16: =AC16 -> 3408.7592 | BT16: =Z16 -> 6716 | BU16: =X16 -> 72 | BV16: =AD16 -> 2000.6123 | BW16: =Y16 -> 695 | BX16: =SUM(BS16:BW16) -> 12892.372 | BY16: =AJ16 -> 23534.141 | BZ16: =BX16/BY16 -> 0.54781568 | CA16: =SUM(BV16,BS16)/BX16 -> 0.41957925 | CB16: =SUM(BT16:BU16,BW16)/BX16 -> 0.58042075 | CC16: =AK16/(BX16+AK16) -> 0.078614265 | CF16: 22193.531 | CG16: 23293.531 | CH16: =CF16-AJ16 -> -1340.6097 | CI16: =CG16-AL16 -> -1340.6097 | CJ16: 9301.1598 | CK16: =V16-CJ16 -> 1340.6097 | DH16: =P16/V16 -> 0.13692834 | DK16: =AA16+V16 -> 18124.769 | DN16: =(DK16*DK$50) -> 1736.5189 | DO16: =DN16/DK16 -> 0.095809158 | DP16: =($DK16*DL$50) -> 697.36359 | DQ16: =DP16/DK16 -> 0.038475722 | DS16: =V16 -> 10641.769 | DT16: 8817.1145 | DU16: =DT16-DS16 -> -1824.6549 | DW16: =AJ16 -> 23534.141 | DX16: 21637.486 | DY16: =DX16-DW16 -> -1896.6549 | EA16: 5409.3715 | EC16: =ROUND(EA16*EC$48,0) -> 3496 | ED16: =EA16-EC16 -> 1913.3715 | EE16: =SUM(EC16:ED16) -> 5409.3715 | EG16: =SUM(X16:Y16,AE16) -> 6176.3715 | EI16: =P16/B16 -> 0.73040592 | EJ16: =$P16/V16 -> 0.13692834 | EM16: =V16/1000 -> 10.641769 | EN16: =Z16/1000 -> 6.716 | EO16: =SUM(X16:Y16,AE16)/1000 -> 6.1763715 | EP16: =AK16/1000 -> 1.1 | ET16: =J16/L16 -> 0.21926133 | EW16: =BX16-BT16 -> 6176.3715 | EY16: =G16+H16 -> 767 | EZ16: =EY16+R16 -> #VALUE! | FB16: =L16+SUM(S16,AE16,AK16)*FC16 -> 21919.108 | FC16: =L16/SUM(L16,P16) -> 0.88978578 | FE16: =ROUND(L16,-3) -> 12000
B17: 1996 | C17: =L17-J17 -> 21721.665 | D17: =C17-E17 -> 18211.665 | E17: ='Bayesian Sum (10Feb26)'!H12 -> 3510 | G17: ='[1]Data-Nisgaa & Other FN Catch'!BI9 -> 49 | H17: 477 | I17: ='Data-Chin-Nisga''a'!N11 -> 1834.3345 | J17: =SUM(G17:I17) -> 2360.3345 | L17: ='Bayesian Sum (10Feb26)'!K12 -> 24082 | M17: =H17/L17 -> 0.019807325 | N17: ='Data-Coastal-Chin-Esc (new)'!J24 -> 710.81136 | O17: =P17/N17 -> 2.3333278 | P17: ='Data-Coastal-Chin-Esc (new)'!AA24 -> 1658.5559 | R17: UNK | S17: ='Data-Chin-Nisga''a'!P11+'Data-Chin-Nisga''a'!Q11+'Data-Chin-Nisga''a'!O11 -> 5865.6655 | T17: =SUM(R17:S17) -> 5865.6655 | V17: =SUM(P17,C17) -> 23380.221 | X17: =G17 -> 49 | Y17: =SUM(H17,R17) -> 477 | Z17: =SUM(I17,S17) -> 7700 | AA17: =SUM(X17:Z17) -> 8226 | AC17: ='A3.1b CF-tidal-Harvests (Chin)'!G11 -> 6538.2283 | AD17: 3837.3083 | AE17: =SUM(AC17:AD17) -> 10375.537 | AJ17: =SUM(V17,AA17,AE17) -> 41981.758 | AK17: =ROUND(AJ17/(1-BC$53)-AJ17,-2) -> 2000 | AL17: =SUM(AJ17:AK17) -> 43981.758 | AN17: ='[1]Data-FW Catch Rates - new'!CE11 -> 21794.385 | AO17: =X17/AN17 -> 0.0022482855 | AP17: =RANK(L17,L$13:L$46,1) -> 26 | AR17: =SUM(AE17,AA17,AK17)/AL17 -> 0.46841094 | AS17: =I17/L17 -> 0.076170357 | AT17: =H17/$L17 -> 0.019807325 | AU17: =J17/$L17 -> 0.098012396 | AX17: =Z17/$AL17 -> 0.17507258 | AY17: =AC17/$AL17 -> 0.14865773 | AZ17: =SUM(Y17,AD17)/$AL17 -> 0.09809313 | BA17: =X17/AL17 -> 0.0011140983 | BB17: =SUM(AA17,AE17)/AL17 -> 0.42293754 | BC17: =AK17/AL17 -> 0.045473398 | BD17: =SUM(AA17,AE17,AK17)/AL17 -> 0.46841094 | BG17: ='[1]Data-PSC CH Tables'!C11 -> 21842 | BH17: ='[1]Data-PSC CH Tables'!AG11 -> 41551.147 | BI17: ='[1]Data-PSC CH Tables'!AI11 -> 43651.147 | BK17: =BG17-C17 -> 120.33453 | BL17: =BH17-AJ17 -> -430.61132 | BM17: =BI17-AL17 -> -330.61132 | BS17: =AC17 -> 6538.2283 | BT17: =Z17 -> 7700 | BU17: =X17 -> 49 | BV17: =AD17 -> 3837.3083 | BW17: =Y17 -> 477 | BX17: =SUM(BS17:BW17) -> 18601.537 | BY17: =AJ17 -> 41981.758 | BZ17: =BX17/BY17 -> 0.44308618 | CA17: =SUM(BV17,BS17)/BX17 -> 0.55777847 | CB17: =SUM(BT17:BU17,BW17)/BX17 -> 0.44222153 | CC17: =AK17/(BX17+AK17) -> 0.097080137 | CF17: 42102.093 | CG17: 44202.093 | CH17: =CF17-AJ17 -> 120.33453 | CI17: =CG17-AL17 -> 220.33453 | CJ17: 23500.556 | CK17: =V17-CJ17 -> -120.33453 | DH17: =P17/V17 -> 0.070938416 | DK17: =AA17+V17 -> 31606.221 | DN17: =(DK17*DK$50) -> 3028.1654 | DO17: =DN17/DK17 -> 0.095809158 | DP17: =($DK17*DL$50) -> 1216.0722 | DQ17: =DP17/DK17 -> 0.038475722 | DS17: =V17 -> 23380.221 | DT17: 22949.61 | DU17: =DT17-DS17 -> -430.61132 | DW17: =AJ17 -> 41981.758 | DX17: 41502.147 | DY17: =DX17-DW17 -> -479.61132 | EA17: 10375.537 | EC17: =ROUND(EA17*EC$48,0) -> 6706 | ED17: =EA17-EC17 -> 3669.5367 | EE17: =SUM(EC17:ED17) -> 10375.537 | EG17: =SUM(X17:Y17,AE17) -> 10901.537 | EI17: =P17/B17 -> 0.83093982 | EJ17: =$P17/V17 -> 0.070938416 | EM17: =V17/1000 -> 23.380221 | EN17: =Z17/1000 -> 7.7 | EO17: =SUM(X17:Y17,AE17)/1000 -> 10.901537 | EP17: =AK17/1000 -> 2 | ET17: =J17/L17 -> 0.098012396 | EW17: =BX17-BT17 -> 10901.537 | EY17: =G17+H17 -> 526 | EZ17: =EY17+R17 -> #VALUE! | FB17: =L17+SUM(S17,AE17,AK17)*FC17 -> 41147.856 | FC17: =L17/SUM(L17,P17) -> 0.93556643 | FE17: =ROUND(L17,-3) -> 24000
B18: 1997 | C18: =L18-J18 -> 21372.273 | D18: =C18-E18 -> 17879.273 | E18: ='Bayesian Sum (10Feb26)'!H13 -> 3493 | G18: ='[1]Data-Nisgaa & Other FN Catch'!BI10 -> 41 | H18: 203 | I18: ='Data-Chin-Nisga''a'!N12 -> 1876.7267 | J18: =SUM(G18:I18) -> 2120.7267 | L18: ='Bayesian Sum (10Feb26)'!K13 -> 23493 | M18: =H18/L18 -> 0.0086408717 | N18: ='Data-Coastal-Chin-Esc (new)'!J25 -> 688.34561 | O18: =P18/N18 -> 3.845355 | P18: ='Data-Coastal-Chin-Esc (new)'!AA25 -> 2646.9332 | R18: UNK | S18: ='Data-Chin-Nisga''a'!P12+'Data-Chin-Nisga''a'!Q12+'Data-Chin-Nisga''a'!O12 -> 4828.2733 | T18: =SUM(R18:S18) -> 4828.2733 | V18: =SUM(P18,C18) -> 24019.207 | X18: =G18 -> 41 | Y18: =SUM(H18,R18) -> 203 | Z18: =SUM(I18,S18) -> 6705 | AA18: =SUM(X18:Z18) -> 6949 | AC18: ='A3.1b CF-tidal-Harvests (Chin)'!G12 -> 5664.4139 | AD18: 3324.4636 | AE18: =SUM(AC18:AD18) -> 8988.8775 | AJ18: =SUM(V18,AA18,AE18) -> 39957.084 | AK18: =ROUND(AJ18/(1-BC$53)-AJ18,-2) -> 1900 | AL18: =SUM(AJ18:AK18) -> 41857.084 | AN18: ='[1]Data-FW Catch Rates - new'!CE12 -> 18702 | AO18: =X18/AN18 -> 0.0021922789 | AP18: =RANK(L18,L$13:L$46,1) -> 24 | AR18: =SUM(AE18,AA18,AK18)/AL18 -> 0.42616149 | AS18: =I18/L18 -> 0.079884506 | AT18: =H18/$L18 -> 0.0086408717 | AU18: =J18/$L18 -> 0.090270579 | AX18: =Z18/$AL18 -> 0.16018794 | AY18: =AC18/$AL18 -> 0.13532748 | AZ18: =SUM(Y18,AD18)/$AL18 -> 0.084273994 | BA18: =X18/AL18 -> 0.00097952356 | BB18: =SUM(AA18,AE18)/AL18 -> 0.38076894 | BC18: =AK18/AL18 -> 0.045392555 | BD18: =SUM(AA18,AE18,AK18)/AL18 -> 0.42616149 | BG18: ='[1]Data-PSC CH Tables'!C12 -> 18702 | BH18: ='[1]Data-PSC CH Tables'!AG12 -> 36275.172 | BI18: ='[1]Data-PSC CH Tables'!AI12 -> 38075.172 | BK18: =BG18-C18 -> -2670.2733 | BL18: =BH18-AJ18 -> -3681.9116 | BM18: =BI18-AL18 -> -3781.9116 | BS18: =AC18 -> 5664.4139 | BT18: =Z18 -> 6705 | BU18: =X18 -> 41 | BV18: =AD18 -> 3324.4636 | BW18: =Y18 -> 203 | BX18: =SUM(BS18:BW18) -> 15937.878 | BY18: =AJ18 -> 39957.084 | BZ18: =BX18/BY18 -> 0.39887489 | CA18: =SUM(BV18,BS18)/BX18 -> 0.56399464 | CB18: =SUM(BT18:BU18,BW18)/BX18 -> 0.43600536 | CC18: =AK18/(BX18+AK18) -> 0.10651491 | CF18: 37145.538 | CG18: 39045.538 | CH18: =CF18-AJ18 -> -2811.5465 | CI18: =CG18-AL18 -> -2811.5465 | CJ18: 21207.66 | CK18: =V18-CJ18 -> 2811.5465 | DH18: =P18/V18 -> 0.11020069 | DK18: =AA18+V18 -> 30968.207 | DN18: =(DK18*DK$50) -> 2967.0378 | DO18: =DN18/DK18 -> 0.095809158 | DP18: =($DK18*DL$50) -> 1191.5241 | DQ18: =DP18/DK18 -> 0.038475722 | DS18: =V18 -> 24019.207 | DT18: 19892.633 | DU18: =DT18-DS18 -> -4126.574 | DW18: =AJ18 -> 39957.084 | DX18: 35955.51 | DY18: =DX18-DW18 -> -4001.574 | EA18: 8988.8775 | EC18: =ROUND(EA18*EC$48,0) -> 5810 | ED18: =EA18-EC18 -> 3178.8775 | EE18: =SUM(EC18:ED18) -> 8988.8775 | EG18: =SUM(X18:Y18,AE18) -> 9232.8775 | EI18: =P18/B18 -> 1.3254548 | EJ18: =$P18/V18 -> 0.11020069 | EM18: =V18/1000 -> 24.019207 | EN18: =Z18/1000 -> 6.705 | EO18: =SUM(X18:Y18,AE18)/1000 -> 9.2328775 | EP18: =AK18/1000 -> 1.9 | ET18: =J18/L18 -> 0.090270579 | EW18: =BX18-BT18 -> 9232.8775 | EY18: =G18+H18 -> 244 | EZ18: =EY18+R18 -> #VALUE! | FB18: =L18+SUM(S18,AE18,AK18)*FC18 -> 37618.63 | FC18: =L18/SUM(L18,P18) -> 0.89873986 | FE18: =ROUND(L18,-3) -> 23000
B19: 1998 | C19: =L19-J19 -> 24908 | D19: =C19-E19 -> 20875 | E19: ='Bayesian Sum (10Feb26)'!H14 -> 4033 | G19: ='[1]Data-Nisgaa & Other FN Catch'!BI11 -> 345 | H19: 196 | I19: ='Data-Chin-Nisga''a'!N13 -> 1595 | J19: =SUM(G19:I19) -> 2136 | L19: ='Bayesian Sum (10Feb26)'!K14 -> 27044 | M19: =H19/L19 -> 0.0072474486 | N19: ='Data-Coastal-Chin-Esc (new)'!J26 -> 1101.8796 | O19: =P19/N19 -> 2.3333278 | P19: ='Data-Coastal-Chin-Esc (new)'!AA26 -> 2571.0462 | R19: UNK | S19: ='Data-Chin-Nisga''a'!P13+'Data-Chin-Nisga''a'!Q13+'Data-Chin-Nisga''a'!O13 -> 7470 | T19: =SUM(R19:S19) -> 7470 | V19: =SUM(P19,C19) -> 27479.046 | X19: =G19 -> 345 | Y19: =SUM(H19,R19) -> 196 | Z19: =SUM(I19,S19) -> 9065 | AA19: =SUM(X19:Z19) -> 9606 | AC19: ='A3.1b CF-tidal-Harvests (Chin)'!G13 -> 7191.3883 | AD19: 4220.6501 | AE19: =SUM(AC19:AD19) -> 11412.038 | AJ19: =SUM(V19,AA19,AE19) -> 48497.085 | AK19: =ROUND(AJ19/(1-BC$53)-AJ19,-2) -> 2300 | AL19: =SUM(AJ19:AK19) -> 50797.085 | AN19: ='[1]Data-FW Catch Rates - new'!CE13 -> 23511.998 | AO19: =X19/AN19 -> 0.01467336 | AP19: =RANK(L19,L$13:L$46,1) -> 29 | AR19: =SUM(AE19,AA19,AK19)/AL19 -> 0.45904285 | AS19: =I19/L19 -> 0.058977962 | AT19: =H19/$L19 -> 0.0072474486 | AU19: =J19/$L19 -> 0.078982399 | AX19: =Z19/$AL19 -> 0.17845512 | AY19: =AC19/$AL19 -> 0.14157089 | AZ19: =SUM(Y19,AD19)/$AL19 -> 0.086946921 | BA19: =X19/AL19 -> 0.0067917283 | BB19: =SUM(AA19,AE19)/AL19 -> 0.41376466 | BC19: =AK19/AL19 -> 0.045278189 | BD19: =SUM(AA19,AE19,AK19)/AL19 -> 0.45904285 | BG19: ='[1]Data-PSC CH Tables'!C13 -> 23212.998 | BH19: ='[1]Data-PSC CH Tables'!AG13 -> 45693.154 | BI19: ='[1]Data-PSC CH Tables'!AI13 -> 47993.154 | BK19: =BG19-C19 -> -1695.0023 | BL19: =BH19-AJ19 -> -2803.9309 | BM19: =BI19-AL19 -> -2803.9309 | BS19: =AC19 -> 7191.3883 | BT19: =Z19 -> 9065 | BU19: =X19 -> 345 | BV19: =AD19 -> 4220.6501 | BW19: =Y19 -> 196 | BX19: =SUM(BS19:BW19) -> 21018.038 | BY19: =AJ19 -> 48497.085 | BZ19: =BX19/BY19 -> 0.43338767 | CA19: =SUM(BV19,BS19)/BX19 -> 0.54296401 | CB19: =SUM(BT19:BU19,BW19)/BX19 -> 0.45703599 | CC19: =AK19/(BX19+AK19) -> 0.098636084 | CF19: 46802.082 | CG19: 49202.082 | CH19: =CF19-AJ19 -> -1695.0023 | CI19: =CG19-AL19 -> -1595.0023 | CJ19: 25784.044 | CK19: =V19-CJ19 -> 1695.0023 | DH19: =P19/V19 -> 0.093563882 | DK19: =AA19+V19 -> 37085.046 | DN19: =(DK19*DK$50) -> 3553.087 | DO19: =DN19/DK19 -> 0.095809158 | DP19: =($DK19*DL$50) -> 1426.8739 | DQ19: =DP19/DK19 -> 0.038475722 | DS19: =V19 -> 27479.046 | DT19: 24675.115 | DU19: =DT19-DS19 -> -2803.9309 | DW19: =AJ19 -> 48497.085 | DX19: 45648.154 | DY19: =DX19-DW19 -> -2848.9309 | EA19: 11412.038 | EC19: =ROUND(EA19*EC$48,0) -> 7376 | ED19: =EA19-EC19 -> 4036.0385 | EE19: =SUM(EC19:ED19) -> 11412.038 | EG19: =SUM(X19:Y19,AE19) -> 11953.038 | EI19: =P19/B19 -> 1.2868099 | EJ19: =$P19/V19 -> 0.093563882 | EM19: =V19/1000 -> 27.479046 | EN19: =Z19/1000 -> 9.065 | EO19: =SUM(X19:Y19,AE19)/1000 -> 11.953038 | EP19: =AK19/1000 -> 2.3 | ET19: =J19/L19 -> 0.078982399 | EW19: =BX19-BT19 -> 11953.038 | EY19: =G19+H19 -> 541 | EZ19: =EY19+R19 -> #VALUE! | FB19: =L19+SUM(S19,AE19,AK19)*FC19 -> 46387.108 | FC19: =L19/SUM(L19,P19) -> 0.91318446 | FE19: =ROUND(L19,-3) -> 27000
B20: 1999 | C20: =L20-J20 -> 13069 | D20: =C20-E20 -> 10844 | E20: ='Bayesian Sum (10Feb26)'!H15 -> 2225 | G20: ='[1]Data-Nisgaa & Other FN Catch'!BI12 -> 193 | H20: 82 | I20: ='Data-Chin-Nisga''a'!N14 -> 1608 | J20: =SUM(G20:I20) -> 1883 | L20: ='Bayesian Sum (10Feb26)'!K15 -> 14952 | M20: =H20/L20 -> 0.0054842162 | N20: ='Data-Coastal-Chin-Esc (new)'!J27 -> 740.06838 | O20: =P20/N20 -> 2.3333278 | P20: ='Data-Coastal-Chin-Esc (new)'!AA27 -> 1726.8221 | R20: UNK | S20: ='Data-Chin-Nisga''a'!P14+'Data-Chin-Nisga''a'!Q14+'Data-Chin-Nisga''a'!O14 -> 7309 | T20: =SUM(R20:S20) -> 7309 | V20: =SUM(P20,C20) -> 14795.822 | X20: =G20 -> 193 | Y20: =SUM(H20,R20) -> 82 | Z20: =SUM(I20,S20) -> 8917 | AA20: =SUM(X20:Z20) -> 9192 | AC20: ='A3.1b CF-tidal-Harvests (Chin)'!G14 -> 4561.9285 | AD20: 2677.4113 | AE20: =SUM(AC20:AD20) -> 7239.3398 | AJ20: =SUM(V20,AA20,AE20) -> 31227.162 | AK20: =ROUND(AJ20/(1-BC$53)-AJ20,-2) -> 1500 | AL20: =SUM(AJ20:AK20) -> 32727.162 | AN20: ='[1]Data-FW Catch Rates - new'!CE14 -> 11730.177 | AO20: =X20/AN20 -> 0.01645329 | AP20: =RANK(L20,L$13:L$46,1) -> 11 | AR20: =SUM(AE20,AA20,AK20)/AL20 -> 0.5479039 | AS20: =I20/L20 -> 0.10754414 | AT20: =H20/$L20 -> 0.0054842162 | AU20: =J20/$L20 -> 0.12593633 | AX20: =Z20/$AL20 -> 0.27246481 | AY20: =AC20/$AL20 -> 0.13939273 | AZ20: =SUM(Y20,AD20)/$AL20 -> 0.08431563 | BA20: =X20/AL20 -> 0.0058972422 | BB20: =SUM(AA20,AE20)/AL20 -> 0.50207042 | BC20: =AK20/AL20 -> 0.045833489 | BD20: =SUM(AA20,AE20,AK20)/AL20 -> 0.5479039 | BG20: ='[1]Data-PSC CH Tables'!C14 -> 11544 | BH20: ='[1]Data-PSC CH Tables'!AG14 -> 28957.359 | BI20: ='[1]Data-PSC CH Tables'!AI14 -> 30457.359 | BK20: =BG20-C20 -> -1525 | BL20: =BH20-AJ20 -> -2269.8028 | BM20: =BI20-AL20 -> -2269.8028 | BS20: =AC20 -> 4561.9285 | BT20: =Z20 -> 8917 | BU20: =X20 -> 193 | BV20: =AD20 -> 2677.4113 | BW20: =Y20 -> 82 | BX20: =SUM(BS20:BW20) -> 16431.34 | BY20: =AJ20 -> 31227.162 | BZ20: =BX20/BY20 -> 0.52618742 | CA20: =SUM(BV20,BS20)/BX20 -> 0.44058122 | CB20: =SUM(BT20:BU20,BW20)/BX20 -> 0.55941878 | CC20: =AK20/(BX20+AK20) -> 0.083652422 | CF20: 29702.162 | CG20: 31202.162 | CH20: =CF20-AJ20 -> -1525 | CI20: =CG20-AL20 -> -1525 | CJ20: 13270.822 | CK20: =V20-CJ20 -> 1525 | DH20: =P20/V20 -> 0.11671012 | DK20: =AA20+V20 -> 23987.822 | DN20: =(DK20*DK$50) -> 2298.253 | DO20: =DN20/DK20 -> 0.095809158 | DP20: =($DK20*DL$50) -> 922.94878 | DQ20: =DP20/DK20 -> 0.038475722 | DS20: =V20 -> 14795.822 | DT20: 12526.019 | DU20: =DT20-DS20 -> -2269.8028 | DW20: =AJ20 -> 31227.162 | DX20: 28957.359 | DY20: =DX20-DW20 -> -2269.8028 | EA20: 7239.3398 | EC20: =ROUND(EA20*EC$48,0) -> 4679 | ED20: =EA20-EC20 -> 2560.3398 | EE20: =SUM(EC20:ED20) -> 7239.3398 | EG20: =SUM(X20:Y20,AE20) -> 7514.3398 | EI20: =P20/B20 -> 0.86384297 | EJ20: =$P20/V20 -> 0.11671012 | EM20: =V20/1000 -> 14.795822 | EN20: =Z20/1000 -> 8.917 | EO20: =SUM(X20:Y20,AE20)/1000 -> 7.5143398 | EP20: =AK20/1000 -> 1.5 | ET20: =J20/L20 -> 0.12593633 | EW20: =BX20-BT20 -> 7514.3398 | EY20: =G20+H20 -> 275 | EZ20: =EY20+R20 -> #VALUE! | FB20: =L20+SUM(S20,AE20,AK20)*FC20 -> 29338.794 | FC20: =L20/SUM(L20,P20) -> 0.89646618 | FE20: =ROUND(L20,-3) -> 15000
B21: 2000 | C21: =L21-J21 -> 18085 | D21: =C21-E21 -> 14915 | E21: ='Bayesian Sum (10Feb26)'!H16 -> 3170 | G21: ='[1]Data-Nisgaa & Other FN Catch'!BI13 -> 49 | H21: ='[1]Data-SF-FW'!U4 -> 1023 | I21: ='Data-Chin-Nisga''a'!N15 -> 2498 | J21: =SUM(G21:I21) -> 3570 | L21: ='Bayesian Sum (10Feb26)'!K16 -> 21655 | M21: =H21/L21 -> 0.047240822 | N21: ='Data-Coastal-Chin-Esc (new)'!J28 -> 822.75788 | O21: =P21/N21 -> 2.3333278 | P21: ='Data-Coastal-Chin-Esc (new)'!AA28 -> 1919.7638 | R21: =SUM('[1]Data-SF-FW'!C4:H4) -> 214.4673 | S21: ='Data-Chin-Nisga''a'!P15+'Data-Chin-Nisga''a'!Q15+'Data-Chin-Nisga''a'!O15 -> 6828 | T21: =SUM(R21:S21) -> 7042.4673 | U21: =R21/SUM(T21,P21) -> 0.023930124 | V21: =SUM(P21,C21) -> 20004.764 | X21: =G21 -> 49 | Y21: =SUM(H21,R21) -> 1237.4673 | Z21: =SUM(I21,S21) -> 9326 | AA21: =SUM(X21:Z21) -> 10612.467 | AC21: ='A3.1b CF-tidal-Harvests (Chin)'!G15 -> 1826 | AD21: ='A3.1b CF-tidal-Harvests (Chin)'!L15 -> 986 | AE21: =SUM(AC21:AD21) -> 2812 | AJ21: =SUM(V21,AA21,AE21) -> 33429.231 | AK21: =ROUND(AJ21/(1-BC$53)-AJ21,-2) -> 1600 | AL21: =SUM(AJ21:AK21) -> 35029.231 | AN21: ='[1]Data-FW Catch Rates - new'!CE15 -> 18488.665 | AO21: =X21/AN21 -> 0.0026502724 | AP21: =RANK(L21,L$13:L$46,1) -> 22 | AR21: =SUM(AE21,AA21,AK21)/AL21 -> 0.42891228 | AS21: =I21/L21 -> 0.11535442 | AT21: =H21/$L21 -> 0.047240822 | AU21: =J21/$L21 -> 0.164858 | AX21: =Z21/$AL21 -> 0.26623479 | AY21: =AC21/$AL21 -> 0.052127893 | AZ21: =SUM(Y21,AD21)/$AL21 -> 0.063474625 | BA21: =X21/AL21 -> 0.0013988317 | BB21: =SUM(AA21,AE21)/AL21 -> 0.38323614 | BC21: =AK21/AL21 -> 0.045676138 | BD21: =SUM(AA21,AE21,AK21)/AL21 -> 0.42891228 | BG21: ='[1]Data-PSC CH Tables'!C15 -> 18046.704 | BH21: ='[1]Data-PSC CH Tables'!AG15 -> 32772.911 | BI21: ='[1]Data-PSC CH Tables'!AI15 -> 34472.911 | BK21: =BG21-C21 -> -38.296009 | BL21: =BH21-AJ21 -> -656.31972 | BM21: =BI21-AL21 -> -556.31972 | BS21: =AC21 -> 1826 | BT21: =Z21 -> 9326 | BU21: =X21 -> 49 | BV21: =AD21 -> 986 | BW21: =Y21 -> 1237.4673 | BX21: =SUM(BS21:BW21) -> 13424.467 | BY21: =AJ21 -> 33429.231 | BZ21: =BX21/BY21 -> 0.4015787 | CA21: =SUM(BV21,BS21)/BX21 -> 0.20946827 | CB21: =SUM(BT21:BU21,BW21)/BX21 -> 0.79053173 | CC21: =AK21/(BX21+AK21) -> 0.10649296 | CF21: 33390.935 | CG21: 35090.935 | CH21: =CF21-AJ21 -> -38.296009 | CI21: =CG21-AL21 -> 61.703991 | CJ21: 19966.468 | CK21: =V21-CJ21 -> 38.296009 | CM21: =B21 -> 2000 | CN21: =AJ21 -> 33429.231 | CO21: =IF((CN21-DE$2-CT21)>0, (CN21-DE$2-CT21),0) -> 11409.093 | CP21: =CO21+CT21 -> 18429.231 | CQ21: =V21 -> 20004.764 | CR21: =IF(ROUND(CQ21,-3)>=DE$3,"Y","N") -> Y | CS21: =IF(CQ21>DE$2,"Y","N") -> Y | CT21: =IF(CN21*DB$1>12600,12600,CN21*DB$1) -> 7020.1385 | CU21: =IF(CS21="N",(BX21-BT21)+CT21,CT21) -> 7020.1385 | CX21: =BT21 -> 9326 | CY21: =CX21-CU21 -> 2305.8615 | CZ21: 1 | DA21: =IF(CZ21=100%,CY21,CZ21*CT21*-1) -> 2305.8615 | DB21: =IF(CX21>CT21,CY21,(IF(CY21*-1>(CT21*CZ21),CT21*CZ21*-1,CY21))) -> 2305.8615 | DC21: 2391 | DD21: =DC21+DD20 -> 2391 | DE21: =DB21 -> 2305.8615 | DF21: =IF($DB21>0,$DB21,$DB21*-1) -> 2305.8615 | DH21: =P21/V21 -> 0.095965333 | DK21: =AC21/AJ21 -> 0.054622854 | DL21: =AD21/AJ21 -> 0.029495144 | DS21: =V21 -> 20004.764 | DT21: 19348.444 | DU21: =DT21-DS21 -> -656.31972 | DW21: =AJ21 -> 33429.231 | DX21: 32617.444 | DY21: =DX21-DW21 -> -811.78703 | EC21: =AC21/$AE21 -> 0.64935989 | ED21: =AD21/$AE21 -> 0.35064011 | EG21: =SUM(X21:Y21,AE21) -> 4098.4673 | EI21: =P21/B21 -> 0.95988191 | EJ21: =$P21/V21 -> 0.095965333 | EM21: =V21/1000 -> 20.004764 | EN21: =Z21/1000 -> 9.326 | EO21: =SUM(X21:Y21,AE21)/1000 -> 4.0984673 | EP21: =AK21/1000 -> 1.6 | ET21: =J21/L21 -> 0.164858 | EW21: =BX21-BT21 -> 4098.4673 | EY21: =G21+H21 -> 1072 | EZ21: =EY21+R21 -> 1286.4673 | FB21: =L21+SUM(S21,AE21,AK21)*FC21 -> 31979.693 | FC21: =L21/SUM(L21,P21) -> 0.918567 | FE21: =ROUND(L21,-3) -> 22000
B22: 2001 | C22: =L22-J22 -> 29341 | D22: =C22-E22 -> 24024 | E22: ='Bayesian Sum (10Feb26)'!H17 -> 5317 | G22: ='[1]Data-Nisgaa & Other FN Catch'!BI14 -> 195 | H22: ='[1]Data-SF-FW'!U5 -> 722 | I22: ='Data-Chin-Nisga''a'!N16 -> 5457 | J22: =SUM(G22:I22) -> 6374 | L22: ='Bayesian Sum (10Feb26)'!K17 -> 35715 | M22: =H22/L22 -> 0.020215596 | N22: ='Data-Coastal-Chin-Esc (new)'!J29 -> 1514.9353 | O22: =P22/N22 -> 2.3333278 | P22: ='Data-Coastal-Chin-Esc (new)'!AA29 -> 3534.8405 | R22: =SUM('[1]Data-SF-FW'!C5:H5) -> 328.00882 | S22: ='Data-Chin-Nisga''a'!P16+'Data-Chin-Nisga''a'!Q16+'Data-Chin-Nisga''a'!O16 -> 6307 | T22: =SUM(R22:S22) -> 6635.0088 | U22: =R22/SUM(T22,P22) -> 0.032253065 | V22: =SUM(P22,C22) -> 32875.841 | X22: =G22 -> 195 | Y22: =SUM(H22,R22) -> 1050.0088 | Z22: =SUM(I22,S22) -> 11764 | AA22: =SUM(X22:Z22) -> 13009.009 | AC22: ='A3.1b CF-tidal-Harvests (Chin)'!G16 -> 928 | AD22: ='A3.1b CF-tidal-Harvests (Chin)'!L16 -> 1705 | AE22: =SUM(AC22:AD22) -> 2633 | AJ22: =SUM(V22,AA22,AE22) -> 48517.849 | AK22: =ROUND(AJ22/(1-BC$53)-AJ22,-2) -> 2300 | AL22: =SUM(AJ22:AK22) -> 50817.849 | AN22: ='[1]Data-FW Catch Rates - new'!CE16 -> 28924.479 | AO22: =X22/AN22 -> 0.0067416944 | AP22: =RANK(L22,L$13:L$46,1) -> 34 | AR22: =SUM(AE22,AA22,AK22)/AL22 -> 0.3530651 | AS22: =I22/L22 -> 0.15279294 | AT22: =H22/$L22 -> 0.020215596 | AU22: =J22/$L22 -> 0.17846843 | AX22: =Z22/$AL22 -> 0.23149346 | AY22: =AC22/$AL22 -> 0.0182613 | AZ22: =SUM(Y22,AD22)/$AL22 -> 0.054213408 | BA22: =X22/AL22 -> 0.0038372344 | BB22: =SUM(AA22,AE22)/AL22 -> 0.30780541 | BC22: =AK22/AL22 -> 0.045259688 | BD22: =SUM(AA22,AE22,AK22)/AL22 -> 0.3530651 | BG22: ='[1]Data-PSC CH Tables'!C16 -> 28329 | BH22: ='[1]Data-PSC CH Tables'!AG16 -> 47898.318 | BI22: ='[1]Data-PSC CH Tables'!AI16 -> 50298.318 | BK22: =BG22-C22 -> -1012 | BL22: =BH22-AJ22 -> -619.53106 | BM22: =BI22-AL22 -> -519.53106 | BS22: =AC22 -> 928 | BT22: =Z22 -> 11764 | BU22: =X22 -> 195 | BV22: =AD22 -> 1705 | BW22: =Y22 -> 1050.0088 | BX22: =SUM(BS22:BW22) -> 15642.009 | BY22: =AJ22 -> 48517.849 | BZ22: =BX22/BY22 -> 0.32239699 | CA22: =SUM(BV22,BS22)/BX22 -> 0.16832876 | CB22: =SUM(BT22:BU22,BW22)/BX22 -> 0.83167124 | CC22: =AK22/(BX22+AK22) -> 0.12819077 | CF22: 47505.849 | CG22: 49905.849 | CH22: =AJ22-CF22 -> 1012 | CI22: =AL22-CG22 -> 912 | CJ22: 31863.841 | CK22: =V22-CJ22 -> 1012 | CM22: =B22 -> 2001 | CN22: =AJ22 -> 48517.849 | CO22: =IF((CN22-DE$2-CT22)>0, (CN22-DE$2-CT22),0) -> 23329.101 | CP22: =CO22+CT22 -> 33517.849 | CQ22: =V22 -> 32875.841 | CR22: =IF(ROUND(CQ22,-3)>=DE$3,"Y","N") -> Y | CS22: =IF(CQ22>DE$2,"Y","N") -> Y | CT22: =IF(CN22*DB$1>12600,12600,CN22*DB$1) -> 10188.748 | CU22: =IF(CR22="N",0,IF(CS22="N",(BX22-BT22)+CT22,CT22)) -> 10188.748 | CX22: =BT22 -> 11764 | CY22: =CX22-CU22 -> 1575.2516 | CZ22: 1 | DA22: =IF(CZ22=100%,CY22,CZ22*CT22*-1) -> 1575.2516 | DB22: =IF(CX22>CT22,CY22,(IF(CY22*-1>(CT22*CZ22),CT22*CZ22*-1,CY22))) -> 1575.2516 | DC22: 1317 | DD22: =DC22+DD21 -> 3708 | DE22: =DB22 -> 1575.2516 | DF22: =IF($DB22>0,$DB22,$DB22*-1) -> 1575.2516 | DH22: =P22/V22 -> 0.10752092 | DK22: =AC22/AJ22 -> 0.019126981 | DL22: =AD22/AJ22 -> 0.035141706 | DS22: =V22 -> 32875.841 | DT22: 32952.327 | DU22: =DT22-DS22 -> 76.48648 | DW22: =AJ22 -> 48517.849 | DX22: 48266.327 | DY22: =DX22-DW22 -> -251.52234 | EC22: =AC22/$AE22 -> 0.35244968 | ED22: =AD22/$AE22 -> 0.64755032 | EG22: =SUM(X22:Y22,AE22) -> 3878.0088 | EI22: =P22/B22 -> 1.766537 | EJ22: =$P22/V22 -> 0.10752092 | EM22: =V22/1000 -> 32.875841 | EN22: =Z22/1000 -> 11.764 | EO22: =SUM(X22:Y22,AE22)/1000 -> 3.8780088 | EP22: =AK22/1000 -> 2.3 | ET22: =J22/L22 -> 0.17846843 | EW22: =BX22-BT22 -> 3878.0088 | EY22: =G22+H22 -> 917 | EZ22: =EY22+R22 -> 1245.0088 | FB22: =L22+SUM(S22,AE22,AK22)*FC22 -> 45942.726 | FC22: =L22/SUM(L22,P22) -> 0.90994 | FE22: =ROUND(L22,-3) -> 36000
B23: 2002 | C23: =L23-J23 -> 14360 | D23: =C23-E23 -> 11839 | E23: ='Bayesian Sum (10Feb26)'!H18 -> 2521 | G23: ='[1]Data-Nisgaa & Other FN Catch'!BI15 -> 151 | H23: ='[1]Data-SF-FW'!U6 -> 703 | I23: ='Data-Chin-Nisga''a'!N17 -> 1875 | J23: =SUM(G23:I23) -> 2729 | L23: ='Bayesian Sum (10Feb26)'!K18 -> 17089 | M23: =H23/L23 -> 0.041137574 | N23: ='Data-Coastal-Chin-Esc (new)'!J30 -> 1399.6101 | O23: =P23/N23 -> 1.0493417 | P23: ='Data-Coastal-Chin-Esc (new)'!AA30 -> 1468.6692 | R23: =SUM('[1]Data-SF-FW'!C6:H6) -> 166.66035 | S23: ='Data-Chin-Nisga''a'!P17+'Data-Chin-Nisga''a'!Q17+'Data-Chin-Nisga''a'!O17 -> 3555.8883 | T23: =SUM(R23:S23) -> 3722.5486 | U23: =R23/SUM(T23,P23) -> 0.032104287 | V23: =SUM(P23,C23) -> 15828.669 | X23: =G23 -> 151 | Y23: =SUM(H23,R23) -> 869.66035 | Z23: =SUM(I23,S23) -> 5430.8883 | AA23: =SUM(X23:Z23) -> 6451.5486 | AC23: ='A3.1b CF-tidal-Harvests (Chin)'!G17 -> 5980 | AD23: ='A3.1b CF-tidal-Harvests (Chin)'!L17 -> 1116 | AE23: =SUM(AC23:AD23) -> 7096 | AJ23: =SUM(V23,AA23,AE23) -> 29376.218 | AK23: =ROUND(AJ23/(1-BC$53)-AJ23,-2) -> 1400 | AL23: =SUM(AJ23:AK23) -> 30776.218 | AN23: ='[1]Data-FW Catch Rates - new'!CE17 -> 13909.456 | AO23: =X23/AN23 -> 0.010855924 | AP23: =RANK(L23,L$13:L$46,1) -> 18 | AR23: =SUM(AE23,AA23,AK23)/AL23 -> 0.48568504 | AS23: =I23/L23 -> 0.1097197 | AT23: =H23/$L23 -> 0.041137574 | AU23: =J23/$L23 -> 0.15969337 | AX23: =Z23/$AL23 -> 0.1764638 | AY23: =AC23/$AL23 -> 0.19430588 | AZ23: =SUM(Y23,AD23)/$AL23 -> 0.06451931 | BA23: =X23/AL23 -> 0.0049063859 | BB23: =SUM(AA23,AE23)/AL23 -> 0.44019537 | BC23: =AK23/AL23 -> 0.04548967 | BD23: =SUM(AA23,AE23,AK23)/AL23 -> 0.48568504 | BG23: ='[1]Data-PSC CH Tables'!C17 -> 13352 | BH23: ='[1]Data-PSC CH Tables'!AG17 -> 28352.032 | BI23: ='[1]Data-PSC CH Tables'!AI17 -> 29752.032 | BK23: =BG23-C23 -> -1008 | BL23: =BH23-AJ23 -> -1024.1857 | BM23: =BI23-AL23 -> -1024.1857 | BS23: =AC23 -> 5980 | BT23: =Z23 -> 5430.8883 | BU23: =X23 -> 151 | BV23: =AD23 -> 1116 | BW23: =Y23 -> 869.66035 | BX23: =SUM(BS23:BW23) -> 13547.549 | BY23: =AJ23 -> 29376.218 | BZ23: =BX23/BY23 -> 0.46117402 | CA23: =SUM(BV23,BS23)/BX23 -> 0.5237848 | CB23: =SUM(BT23:BU23,BW23)/BX23 -> 0.4762152 | CC23: =AK23/(BX23+AK23) -> 0.093660843 | CF23: 28366.036 | CG23: 29766.036 | CH23: =AJ23-CF23 -> 1010.1823 | CI23: =AL23-CG23 -> 1010.1823 | CJ23: 14818.487 | CK23: =V23-CJ23 -> 1010.1823 | CM23: =B23 -> 2002 | CN23: =AJ23 -> 29376.218 | CO23: =IF((CN23-DE$2-CT23)>0, (CN23-DE$2-CT23),0) -> 8207.2121 | CP23: =CO23+CT23 -> 14376.218 | CQ23: =V23 -> 15828.669 | CR23: =IF(ROUND(CQ23,-3)>=DE$3,"Y","N") -> Y | CS23: =IF(CQ23>DE$2,"Y","N") -> Y | CT23: =IF(CN23*DB$1>12600,12600,CN23*DB$1) -> 6169.0057 | CU23: =IF(CR23="N",0,IF(CS23="N",(BX23-BT23)+CT23,CT23)) -> 6169.0057 | CX23: =BT23 -> 5430.8883 | CY23: =CX23-CU23 -> -738.11749 | CZ23: 1 | DA23: =IF(CZ23=100%,CY23,CZ23*CT23*-1) -> -738.11749 | DB23: =IF(CX23>CT23,CY23,(IF(CY23*-1>(CT23*CZ23),CT23*CZ23*-1,CY23))) -> -738.11749 | DC23: -884 | DD23: =DC23+DD22 -> 2824 | DE23: =DB23 -> -738.11749 | DF23: =IF($DB23>0,$DB23,$DB23*-1) -> 738.11749 | DH23: =P23/V23 -> 0.09278539 | DK23: =AC23/AJ23 -> 0.20356603 | DL23: =AD23/AJ23 -> 0.037989914 | DS23: =V23 -> 15828.669 | DT23: 17162.388 | DU23: =DT23-DS23 -> 1333.7186 | DW23: =AJ23 -> 29376.218 | DX23: 30543.276 | DY23: =DX23-DW23 -> 1167.0582 | EC23: =AC23/$AE23 -> 0.8427283 | ED23: =AD23/$AE23 -> 0.1572717 | EG23: =SUM(X23:Y23,AE23) -> 8116.6603 | EI23: =P23/B23 -> 0.73360102 | EJ23: =$P23/V23 -> 0.09278539 | EM23: =V23/1000 -> 15.828669 | EN23: =Z23/1000 -> 5.4308883 | EO23: =SUM(X23:Y23,AE23)/1000 -> 8.1166603 | EP23: =AK23/1000 -> 1.4 | ET23: =J23/L23 -> 0.15969337 | EW23: =BX23-BT23 -> 8116.6603 | EY23: =G23+H23 -> 854 | EZ23: =EY23+R23 -> 1020.6603 | FB23: =L23+SUM(S23,AE23,AK23)*FC23 -> 28187.092 | FC23: =L23/SUM(L23,P23) -> 0.92085918 | FE23: =ROUND(L23,-3) -> 17000
B24: 2003 | C24: =L24-J24 -> 30740 | D24: =C24-E24 -> 25724 | E24: ='Bayesian Sum (10Feb26)'!H19 -> 5016 | G24: ='[1]Data-Nisgaa & Other FN Catch'!BI16 -> 181 | H24: ='[1]Data-SF-FW'!U7 -> 1030 | I24: ='Data-Chin-Nisga''a'!N18 -> 2403 | J24: =SUM(G24:I24) -> 3614 | L24: ='Bayesian Sum (10Feb26)'!K19 -> 34354 | M24: =H24/L24 -> 0.029981953 | N24: ='Data-Coastal-Chin-Esc (new)'!J31 -> 1145.1356 | O24: =P24/N24 -> 2.3681538 | P24: ='Data-Coastal-Chin-Esc (new)'!AA31 -> 2711.8572 | R24: =SUM('[1]Data-SF-FW'!C7:H7) -> 160.0205 | S24: ='Data-Chin-Nisga''a'!P18+'Data-Chin-Nisga''a'!Q18+'Data-Chin-Nisga''a'!O18 -> 4306 | T24: =SUM(R24:S24) -> 4466.0205 | U24: =R24/SUM(T24,P24) -> 0.022293567 | V24: =SUM(P24,C24) -> 33451.857 | X24: =G24 -> 181 | Y24: =SUM(H24,R24) -> 1190.0205 | Z24: =SUM(I24,S24) -> 6709 | AA24: =SUM(X24:Z24) -> 8080.0205 | AC24: ='A3.1b CF-tidal-Harvests (Chin)'!G18 -> 6076 | AD24: ='A3.1b CF-tidal-Harvests (Chin)'!L18 -> 1167 | AE24: =SUM(AC24:AD24) -> 7243 | AJ24: =SUM(V24,AA24,AE24) -> 48774.878 | AK24: =ROUND(AJ24/(1-BC$53)-AJ24,-2) -> 2300 | AL24: =SUM(AJ24:AK24) -> 51074.878 | AN24: ='[1]Data-FW Catch Rates - new'!CE18 -> 26658.368 | AO24: =X24/AN24 -> 0.006789613 | AP24: =RANK(L24,L$13:L$46,1) -> 33 | AR24: =SUM(AE24,AA24,AK24)/AL24 -> 0.34504283 | AS24: =I24/L24 -> 0.069948187 | AT24: =H24/$L24 -> 0.029981953 | AU24: =J24/$L24 -> 0.10519881 | AX24: =Z24/$AL24 -> 0.13135616 | AY24: =AC24/$AL24 -> 0.1189626 | AZ24: =SUM(Y24,AD24)/$AL24 -> 0.046148334 | BA24: =X24/AL24 -> 0.0035438166 | BB24: =SUM(AA24,AE24)/AL24 -> 0.30001091 | BC24: =AK24/AL24 -> 0.045031924 | BD24: =SUM(AA24,AE24,AK24)/AL24 -> 0.34504283 | BG24: ='[1]Data-PSC CH Tables'!C18 -> 25848.368 | BH24: ='[1]Data-PSC CH Tables'!AG18 -> 43596.833 | BI24: ='[1]Data-PSC CH Tables'!AI18 -> 45796.833 | BK24: =BG24-C24 -> -4891.6324 | BL24: =BH24-AJ24 -> -5178.0447 | BM24: =BI24-AL24 -> -5278.0447 | BS24: =AC24 -> 6076 | BT24: =Z24 -> 6709 | BU24: =X24 -> 181 | BV24: =AD24 -> 1167 | BW24: =Y24 -> 1190.0205 | BX24: =SUM(BS24:BW24) -> 15323.02 | BY24: =AJ24 -> 48774.878 | BZ24: =BX24/BY24 -> 0.31415805 | CA24: =SUM(BV24,BS24)/BX24 -> 0.47268748 | CB24: =SUM(BT24:BU24,BW24)/BX24 -> 0.52731252 | CC24: =AK24/(BX24+AK24) -> 0.13051111 | CF24: 43620.217 | CG24: 45820.217 | CH24: =AJ24-CF24 -> 5154.661 | CI24: =AL24-CG24 -> 5254.661 | CJ24: 28297.196 | CK24: =V24-CJ24 -> 5154.661 | CM24: =B24 -> 2003 | CN24: =AJ24 -> 48774.878 | CO24: =IF((CN24-DE$2-CT24)>0, (CN24-DE$2-CT24),0) -> 23532.153 | CP24: =CO24+CT24 -> 33774.878 | CQ24: =V24 -> 33451.857 | CR24: =IF(ROUND(CQ24,-3)>=DE$3,"Y","N") -> Y | CS24: =IF(CQ24>DE$2,"Y","N") -> Y | CT24: =IF(CN24*DB$1>12600,12600,CN24*DB$1) -> 10242.724 | CU24: =IF(CR24="N",0,IF(CS24="N",(BX24-BT24)+CT24,CT24)) -> 10242.724 | CX24: =BT24 -> 6709 | CY24: =CX24-CU24 -> -3533.7243 | CZ24: 0.1 | DA24: =IF(CZ24=100%,CY24,CZ24*CT24*-1) -> -1024.2724 | DB24: =IF(CX24>CT24,CY24,(IF(CY24*-1>(CT24*CZ24),CT24*CZ24*-1,CY24))) -> -1024.2724 | DD24: =DB24+DD23 -> 1799.7276 | DE24: =DB24 -> -1024.2724 | DF24: =IF($DB24>0,$DB24,$DB24*-1) -> 1024.2724 | DH24: =P24/V24 -> 0.081067462 | DK24: =AC24/AJ24 -> 0.12457233 | DL24: =AD24/AJ24 -> 0.023926252 | DS24: =V24 -> 33451.857 | DT24: 28477.624 | DU24: =DT24-DS24 -> -4974.2329 | DW24: =AJ24 -> 48774.878 | DX24: 43690.624 | DY24: =DX24-DW24 -> -5084.2534 | EC24: =AC24/$AE24 -> 0.83887892 | ED24: =AD24/$AE24 -> 0.16112108 | EG24: =SUM(X24:Y24,AE24) -> 8614.0205 | EI24: =P24/B24 -> 1.3538977 | EJ24: =$P24/V24 -> 0.081067462 | EM24: =V24/1000 -> 33.451857 | EN24: =Z24/1000 -> 6.709 | EO24: =SUM(X24:Y24,AE24)/1000 -> 8.6140205 | EP24: =AK24/1000 -> 2.3 | ET24: =J24/L24 -> 0.10519881 | EW24: =BX24-BT24 -> 8614.0205 | EY24: =G24+H24 -> 1211 | EZ24: =EY24+R24 -> 1371.0205 | FB24: =L24+SUM(S24,AE24,AK24)*FC24 -> 47189.763 | FC24: =L24/SUM(L24,P24) -> 0.92683679 | FE24: =ROUND(L24,-3) -> 34000
B25: 2004 | C25: =L25-J25 -> 13736.6 | D25: =C25-E25 -> 11335.6 | E25: ='Bayesian Sum (10Feb26)'!H20 -> 2401 | G25: ='[1]Data-Nisgaa & Other FN Catch'!BI17 -> 230 | H25: ='[1]Data-SF-FW'!U8 -> 643 | I25: ='Data-Chin-Nisga''a'!N19 -> 1994.4 | J25: =SUM(G25:I25) -> 2867.4 | L25: ='Bayesian Sum (10Feb26)'!K20 -> 16604 | M25: =H25/L25 -> 0.038725608 | N25: ='Data-Coastal-Chin-Esc (new)'!J32 -> 801.5949 | O25: =P25/N25 -> 1.7937853 | P25: ='Data-Coastal-Chin-Esc (new)'!AA32 -> 1437.8892 | R25: =SUM('[1]Data-SF-FW'!C8:H8) -> 287.10379 | S25: ='Data-Chin-Nisga''a'!P19+'Data-Chin-Nisga''a'!Q19+'Data-Chin-Nisga''a'!O19 -> 3990.2 | T25: =SUM(R25:S25) -> 4277.3038 | U25: =R25/SUM(T25,P25) -> 0.050235188 | V25: =SUM(P25,C25) -> 15174.489 | X25: =G25 -> 230 | Y25: =SUM(H25,R25) -> 930.10379 | Z25: =SUM(I25,S25) -> 5984.6 | AA25: =SUM(X25:Z25) -> 7144.7038 | AC25: ='A3.1b CF-tidal-Harvests (Chin)'!G19 -> 7185.512 | AD25: ='A3.1b CF-tidal-Harvests (Chin)'!L19 -> 1925 | AE25: =SUM(AC25:AD25) -> 9110.512 | AJ25: =SUM(V25,AA25,AE25) -> 31429.705 | AK25: 598 | AL25: =SUM(AJ25:AK25) -> 32027.705 | AN25: ='[1]Data-FW Catch Rates - new'!CE19 -> 15736.752 | AO25: =X25/AN25 -> 0.014615469 | AP25: =RANK(L25,L$13:L$46,1) -> 16 | AR25: =SUM(AE25,AA25,AK25)/AL25 -> 0.52620741 | AS25: =I25/L25 -> 0.12011563 | AT25: =H25/$L25 -> 0.038725608 | AU25: =J25/$L25 -> 0.17269333 | AX25: =Z25/$AL25 -> 0.18685697 | AY25: =AC25/$AL25 -> 0.22435301 | AZ25: =SUM(Y25,AD25)/$AL25 -> 0.089144814 | BA25: =X25/AL25 -> 0.0071812826 | BB25: =SUM(AA25,AE25)/AL25 -> 0.50753608 | BC25: =AK25/AL25 -> 0.018671335 | BD25: =SUM(AA25,AE25,AK25)/AL25 -> 0.52620741 | BG25: ='[1]Data-PSC CH Tables'!C19 -> 15184.752 | BH25: ='[1]Data-PSC CH Tables'!AG19 -> 33130.6 | BI25: ='[1]Data-PSC CH Tables'!AI19 -> 33728.6 | BK25: =BG25-C25 -> 1448.1517 | BL25: =BH25-AJ25 -> 1700.895 | BM25: =BI25-AL25 -> 1700.895 | BS25: =AC25 -> 7185.512 | BT25: =Z25 -> 5984.6 | BU25: =X25 -> 230 | BV25: =AD25 -> 1925 | BW25: =Y25 -> 930.10379 | BX25: =SUM(BS25:BW25) -> 16255.216 | BY25: =AJ25 -> 31429.705 | BZ25: =BX25/BY25 -> 0.51719276 | CA25: =SUM(BV25,BS25)/BX25 -> 0.560467 | CB25: =SUM(BT25:BU25,BW25)/BX25 -> 0.439533 | CC25: =AK25/(BX25+AK25) -> 0.035482842 | CF25: 33146.899 | CG25: 33744.899 | CH25: =AJ25-CF25 -> -1717.1943 | CI25: =AL25-CG25 -> -1717.1943 | CJ25: 16891.684 | CK25: =V25-CJ25 -> -1717.1943 | CM25: =B25 -> 2004 | CN25: =AJ25 -> 31429.705 | CO25: =IF((CN25-DE$2-CT25)>0, (CN25-DE$2-CT25),0) -> 9829.4669 | CP25: =CO25+CT25 -> 16429.705 | CQ25: =V25 -> 15174.489 | CR25: =IF(ROUND(CQ25,-3)>=DE$3,"Y","N") -> Y | CS25: =IF(CQ25>DE$2,"Y","N") -> Y | CT25: =IF(CN25*DB$1>12600,12600,CN25*DB$1) -> 6600.238 | CU25: =IF(CR25="N",0,IF(CS25="N",(BX25-BT25)+CT25,CT25)) -> 6600.238 | CX25: =BT25 -> 5984.6 | CY25: =CX25-CU25 -> -615.63804 | CZ25: 0.1 | DA25: =IF(CZ25=100%,CY25,CZ25*CT25*-1) -> -660.0238 | DB25: =IF(CX25>CT25,CY25,(IF(CY25*-1>(CT25*CZ25),CT25*CZ25*-1,CY25))) -> -615.63804 | DD25: =DB25+DD24 -> 1184.0895 | DE25: =DB25 -> -615.63804 | DF25: =IF($DB25>0,$DB25,$DB25*-1) -> 615.63804 | DH25: =P25/V25 -> 0.094757006 | DK25: =AC25/AJ25 -> 0.22862168 | DL25: =AD25/AJ25 -> 0.061247791 | DS25: =V25 -> 15174.489 | DT25: 17670.381 | DU25: =DT25-DS25 -> 2495.8922 | DW25: =AJ25 -> 31429.705 | DX25: 32875.501 | DY25: =DX25-DW25 -> 1445.7964 | EC25: =AC25/$AE25 -> 0.78870562 | ED25: =AD25/$AE25 -> 0.21129438 | EG25: =SUM(X25:Y25,AE25) -> 10270.616 | EI25: =P25/B25 -> 0.71750956 | EJ25: =$P25/V25 -> 0.094757006 | EM25: =V25/1000 -> 15.174489 | EN25: =Z25/1000 -> 5.9846 | EO25: =SUM(X25:Y25,AE25)/1000 -> 10.270616 | EP25: =AK25/1000 -> 0.598 | ET25: =J25/L25 -> 0.17269333 | EW25: =BX25-BT25 -> 10270.616 | EY25: =G25+H25 -> 873 | EZ25: =EY25+R25 -> 1160.1038 | FB25: =L25+SUM(S25,AE25,AK25)*FC25 -> 29210.962 | FC25: =L25/SUM(L25,P25) -> 0.92030274 | FE25: =ROUND(L25,-3) -> 17000
B26: 2005 | C26: =L26-J26 -> 13109.8 | D26: =C26-E26 -> 10776.8 | E26: ='Bayesian Sum (10Feb26)'!H21 -> 2333 | G26: ='[1]Data-Nisgaa & Other FN Catch'!BI18 -> 179 | H26: ='[1]Data-SF-FW'!U9 -> 600 | I26: ='Data-Chin-Nisga''a'!N20 -> 2290.2 | J26: =SUM(G26:I26) -> 3069.2 | L26: ='Bayesian Sum (10Feb26)'!K21 -> 16179 | M26: =H26/L26 -> 0.03708511 | N26: ='Data-Coastal-Chin-Esc (new)'!J33 -> 996.39339 | O26: =P26/N26 -> 1.6829648 | P26: ='Data-Coastal-Chin-Esc (new)'!AA33 -> 1676.895 | R26: =SUM('[1]Data-SF-FW'!C9:H9) -> 156.13668 | S26: ='Data-Chin-Nisga''a'!P20+'Data-Chin-Nisga''a'!Q20+'Data-Chin-Nisga''a'!O20 -> 4311.2 | T26: =SUM(R26:S26) -> 4467.3367 | U26: =R26/SUM(T26,P26) -> 0.025411913 | V26: =SUM(P26,C26) -> 14786.695 | X26: =G26 -> 179 | Y26: =SUM(H26,R26) -> 756.13668 | Z26: =SUM(I26,S26) -> 6601.4 | AA26: =SUM(X26:Z26) -> 7536.5367 | AC26: ='A3.1b CF-tidal-Harvests (Chin)'!G20 -> 3448.648 | AD26: ='A3.1b CF-tidal-Harvests (Chin)'!L20 -> 1542 | AE26: =SUM(AC26:AD26) -> 4990.648 | AJ26: =SUM(V26,AA26,AE26) -> 27313.88 | AK26: 251 | AL26: =SUM(AJ26:AK26) -> 27564.88 | AM26: 622 | AN26: ='[1]Data-FW Catch Rates - new'!CE20 -> 14374.487 | AO26: =X26/AN26 -> 0.012452618 | AP26: =RANK(L26,L$13:L$46,1) -> 15 | AR26: =SUM(AE26,AA26,AK26)/AL26 -> 0.46356758 | AS26: =I26/L26 -> 0.14155387 | AT26: =H26/$L26 -> 0.03708511 | AU26: =J26/$L26 -> 0.1897027 | AX26: =Z26/$AL26 -> 0.2394859 | AY26: =AC26/$AL26 -> 0.12511021 | AZ26: =SUM(Y26,AD26)/$AL26 -> 0.083371911 | BA26: =X26/AL26 -> 0.0064937704 | BB26: =SUM(AA26,AE26)/AL26 -> 0.45446179 | BC26: =AK26/AL26 -> 0.0091057898 | BD26: =SUM(AA26,AE26,AK26)/AL26 -> 0.46356758 | BG26: ='[1]Data-PSC CH Tables'!C20 -> 13706.487 | BH26: ='[1]Data-PSC CH Tables'!AG20 -> 28115.467 | BI26: ='[1]Data-PSC CH Tables'!AI20 -> 28366.467 | BK26: =BG26-C26 -> 596.6869 | BL26: =BH26-AJ26 -> 801.58776 | BM26: =BI26-AL26 -> 801.58776 | BS26: =AC26 -> 3448.648 | BT26: =Z26 -> 6601.4 | BU26: =X26 -> 179 | BV26: =AD26 -> 1542 | BW26: =Y26 -> 756.13668 | BX26: =SUM(BS26:BW26) -> 12527.185 | BY26: =AJ26 -> 27313.88 | BZ26: =BX26/BY26 -> 0.45863806 | CA26: =SUM(BV26,BS26)/BX26 -> 0.39838544 | CB26: =SUM(BT26:BU26,BW26)/BX26 -> 0.60161456 | CC26: =AK26/(BX26+AK26) -> 0.019642853 | CF26: 28133.446 | CG26: 28384.446 | CH26: =AJ26-CF26 -> -819.56621 | CI26: =AL26-CG26 -> -819.56621 | CJ26: 15589.261 | CK26: =V26-CJ26 -> -802.56621 | CM26: =B26 -> 2005 | CN26: =AJ26 -> 27313.88 | CO26: =IF((CN26-DE$2-CT26)>0, (CN26-DE$2-CT26),0) -> 6577.965 | CP26: =CO26+CT26 -> 12313.88 | CQ26: =V26 -> 14786.695 | CR26: =IF(ROUND(CQ26,-3)>=DE$3,"Y","N") -> Y | CS26: =IF(CQ26>DE$2,"Y","N") -> N | CT26: =IF(CN26*DB$1>12600,12600,CN26*DB$1) -> 5735.9147 | CU26: =IF(CR26="N",0,IF(CS26="N",(BX26-BT26)+CT26,CT26)) -> 11661.699 | CX26: =BT26 -> 6601.4 | CY26: =CX26-CU26 -> -5060.2994 | CZ26: 0.1 | DA26: =IF(CZ26=100%,CY26,CZ26*CT26*-1) -> -573.59147 | DB26: =IF(CX26>CT26,CY26,(IF(CY26*-1>(CT26*CZ26),CT26*CZ26*-1,CY26))) -> -5060.2994 | DD26: =DB26+DD25 -> -3876.2099 | DE26: =DB26 -> -5060.2994 | DF26: =IF($DB26>0,$DB26,$DB26*-1) -> 5060.2994 | DH26: =P26/V26 -> 0.11340567 | DK26: =AC26/AJ26 -> 0.12625991 | DL26: =AD26/AJ26 -> 0.056454814 | DS26: =V26 -> 14786.695 | DT26: 16663.306 | DU26: =DT26-DS26 -> 1876.6112 | DW26: =AJ26 -> 27313.88 | DX26: 28324.306 | DY26: =DX26-DW26 -> 1010.4265 | EC26: =AC26/$AE26 -> 0.69102209 | ED26: =AD26/$AE26 -> 0.30897791 | EG26: =SUM(X26:Y26,AE26) -> 5925.7847 | EI26: =P26/B26 -> 0.83635661 | EJ26: =$P26/V26 -> 0.11340567 | EM26: =V26/1000 -> 14.786695 | EN26: =Z26/1000 -> 6.6014 | EO26: =SUM(X26:Y26,AE26)/1000 -> 5.9257847 | EP26: =AK26/1000 -> 0.251 | ET26: =J26/L26 -> 0.1897027 | EW26: =BX26-BT26 -> 5925.7847 | EY26: =G26+H26 -> 779 | EZ26: =EY26+R26 -> 935.13668 | FB26: =L26+SUM(S26,AE26,AK26)*FC26 -> 24834.714 | FC26: =L26/SUM(L26,P26) -> 0.90608732 | FE26: =ROUND(L26,-3) -> 16000
B27: 2006 | C27: =L27-J27 -> 22580.6 | D27: =C27-E27 -> 18518.6 | E27: ='Bayesian Sum (10Feb26)'!H22 -> 4062 | G27: ='[1]Data-Nisgaa & Other FN Catch'!BI19 -> 456 | H27: ='[1]Data-SF-FW'!U10 -> 1012 | I27: ='Data-Chin-Nisga''a'!N21 -> 3584.4 | J27: =SUM(G27:I27) -> 5052.4 | L27: ='Bayesian Sum (10Feb26)'!K22 -> 27633 | M27: =H27/L27 -> 0.036622878 | N27: ='Data-Coastal-Chin-Esc (new)'!J34 -> 964.39828 | O27: =P27/N27 -> 4.1676136 | P27: ='Data-Coastal-Chin-Esc (new)'!AA34 -> 4019.2394 | R27: =SUM('[1]Data-SF-FW'!C10:H10) -> 267.90666 | S27: ='Data-Chin-Nisga''a'!P21+'Data-Chin-Nisga''a'!Q21+'Data-Chin-Nisga''a'!O21 -> 4225.4 | T27: =SUM(R27:S27) -> 4493.3067 | U27: =R27/SUM(T27,P27) -> 0.031471977 | V27: =SUM(P27,C27) -> 26599.839 | X27: =G27 -> 456 | Y27: =SUM(H27,R27) -> 1279.9067 | Z27: =SUM(I27,S27) -> 7809.8 | AA27: =SUM(X27:Z27) -> 9545.7067 | AC27: ='A3.1b CF-tidal-Harvests (Chin)'!G21 -> 4939.264 | AD27: ='A3.1b CF-tidal-Harvests (Chin)'!L21 -> 983 | AE27: =SUM(AC27:AD27) -> 5922.264 | AJ27: =SUM(V27,AA27,AE27) -> 42067.81 | AK27: 1750 | AL27: =SUM(AJ27:AK27) -> 43817.81 | AM27: 2741 | AN27: ='[1]Data-FW Catch Rates - new'!CE21 -> 24539.274 | AO27: =X27/AN27 -> 0.018582457 | AP27: =RANK(L27,L$13:L$46,1) -> 30 | AR27: =SUM(AE27,AA27,AK27)/AL27 -> 0.39294457 | AS27: =I27/L27 -> 0.12971447 | AT27: =H27/$L27 -> 0.036622878 | AU27: =J27/$L27 -> 0.18283936 | AX27: =Z27/$AL27 -> 0.17823346 | AY27: =AC27/$AL27 -> 0.11272275 | AZ27: =SUM(Y27,AD27)/$AL27 -> 0.051643536 | BA27: =X27/AL27 -> 0.010406727 | BB27: =SUM(AA27,AE27)/AL27 -> 0.35300647 | BC27: =AK27/AL27 -> 0.039938098 | BD27: =SUM(AA27,AE27,AK27)/AL27 -> 0.39294457 | BG27: ='[1]Data-PSC CH Tables'!C21 -> 23594.274 | BH27: ='[1]Data-PSC CH Tables'!AG21 -> 43559.187 | BI27: ='[1]Data-PSC CH Tables'!AI21 -> 45309.187 | BK27: =BG27-C27 -> 1013.6741 | BL27: =BH27-AJ27 -> 1491.3771 | BM27: =BI27-AL27 -> 1491.3771 | BS27: =AC27 -> 4939.264 | BT27: =Z27 -> 7809.8 | BU27: =X27 -> 456 | BV27: =AD27 -> 983 | BW27: =Y27 -> 1279.9067 | BX27: =SUM(BS27:BW27) -> 15467.971 | BY27: =AJ27 -> 42067.81 | BZ27: =BX27/BY27 -> 0.36769137 | CA27: =SUM(BV27,BS27)/BX27 -> 0.38287272 | CB27: =SUM(BT27:BU27,BW27)/BX27 -> 0.61712728 | CC27: =AK27/(BX27+AK27) -> 0.10163799 | CF27: 43603.253 | CG27: 45353.253 | CH27: =AJ27-CF27 -> -1535.4428 | CI27: =AL27-CG27 -> -1535.4428 | CJ27: 28104.282 | CK27: =V27-CJ27 -> -1504.4428 | CM27: =B27 -> 2006 | CN27: =AJ27 -> 42067.81 | CO27: =IF((CN27-DE$2-CT27)>0, (CN27-DE$2-CT27),0) -> 18233.57 | CP27: =CO27+CT27 -> 27067.81 | CQ27: =V27 -> 26599.839 | CR27: =IF(ROUND(CQ27,-3)>=DE$3,"Y","N") -> Y | CS27: =IF(CQ27>DE$2,"Y","N") -> Y | CT27: =IF(CN27*DB$1>12600,12600,CN27*DB$1) -> 8834.2401 | CU27: =IF(CR27="N",0,IF(CS27="N",(BX27-BT27)+CT27,CT27)) -> 8834.2401 | CX27: =BT27 -> 7809.8 | CY27: =CX27-CU27 -> -1024.4401 | CZ27: 0.1 | DA27: =IF(CZ27=100%,CY27,CZ27*CT27*-1) -> -883.42401 | DB27: =IF(CX27>CT27,CY27,(IF(CY27*-1>(CT27*CZ27),CT27*CZ27*-1,CY27))) -> -883.42401 | DD27: =DB27+DD26 -> -4759.6339 | DE27: =DB27 -> -883.42401 | DF27: =IF($DB27>0,$DB27,$DB27*-1) -> 883.42401 | DH27: =P27/V27 -> 0.15110014 | DK27: =AC27/AJ27 -> 0.11741196 | DL27: =AD27/AJ27 -> 0.023367035 | DS27: =V27 -> 26599.839 | DT27: 28577.108 | DU27: =DT27-DS27 -> 1977.2681 | DW27: =AJ27 -> 42067.81 | DX27: 42688.914 | DY27: =DX27-DW27 -> 621.10353 | EC27: =AC27/$AE27 -> 0.83401618 | ED27: =AD27/$AE27 -> 0.16598382 | EG27: =SUM(X27:Y27,AE27) -> 7658.1707 | EI27: =P27/B27 -> 2.0036089 | EJ27: =$P27/V27 -> 0.15110014 | EM27: =V27/1000 -> 26.599839 | EN27: =Z27/1000 -> 7.8098 | EO27: =SUM(X27:Y27,AE27)/1000 -> 7.6581707 | EP27: =AK27/1000 -> 1.75 | ET27: =J27/L27 -> 0.18283936 | EW27: =BX27-BT27 -> 7658.1707 | EY27: =G27+H27 -> 1468 | EZ27: =EY27+R27 -> 1735.9067 | FB27: =L27+SUM(S27,AE27,AK27)*FC27 -> 38019.884 | FC27: =L27/SUM(L27,P27) -> 0.8730188 | FE27: =ROUND(L27,-3) -> 28000
B28: 2007 | C28: =L28-J28 -> 20640.4 | D28: =C28-E28 -> 16385.4 | E28: ='Bayesian Sum (10Feb26)'!H23 -> 4255 | G28: ='[1]Data-Nisgaa & Other FN Catch'!BI20 -> 24 | H28: ='[1]Data-SF-FW'!U11 -> 965 | I28: ='Data-Chin-Nisga''a'!N22 -> 4092.6 | J28: =SUM(G28:I28) -> 5081.6 | L28: ='Bayesian Sum (10Feb26)'!K23 -> 25722 | M28: =H28/L28 -> 0.037516523 | N28: ='Data-Coastal-Chin-Esc (new)'!J35 -> 1912.5599 | O28: =P28/N28 -> 1.2961708 | P28: ='Data-Coastal-Chin-Esc (new)'!AA35 -> 2479.0042 | R28: =SUM('[1]Data-SF-FW'!C11:H11) -> 525 | S28: ='Data-Chin-Nisga''a'!P22+'Data-Chin-Nisga''a'!Q22+'Data-Chin-Nisga''a'!O22 -> 2721.4 | T28: =SUM(R28:S28) -> 3246.4 | U28: =R28/SUM(T28,P28) -> 0.091696582 | V28: =SUM(P28,C28) -> 23119.404 | X28: =G28 -> 24 | Y28: =SUM(H28,R28) -> 1490 | Z28: =SUM(I28,S28) -> 6814 | AA28: =SUM(X28:Z28) -> 8328 | AC28: ='A3.1b CF-tidal-Harvests (Chin)'!G22 -> 4475.048 | AD28: ='A3.1b CF-tidal-Harvests (Chin)'!L22 -> 1810 | AE28: =SUM(AC28:AD28) -> 6285.048 | AJ28: =SUM(V28,AA28,AE28) -> 37732.452 | AK28: 1322 | AL28: =SUM(AJ28:AK28) -> 39054.452 | AM28: 1141 | AN28: ='[1]Data-FW Catch Rates - new'!CE22 -> 22649.313 | AO28: =X28/AN28 -> 0.0010596348 | AP28: =RANK(L28,L$13:L$46,1) -> 27 | AR28: =SUM(AE28,AA28,AK28)/AL28 -> 0.40802129 | AS28: =I28/L28 -> 0.15910893 | AT28: =H28/$L28 -> 0.037516523 | AU28: =J28/$L28 -> 0.19755851 | AX28: =Z28/$AL28 -> 0.17447435 | AY28: =AC28/$AL28 -> 0.11458484 | AZ28: =SUM(Y28,AD28)/$AL28 -> 0.084497408 | BA28: =X28/AL28 -> 0.00061452661 | BB28: =SUM(AA28,AE28)/AL28 -> 0.37417112 | BC28: =AK28/AL28 -> 0.033850174 | BD28: =SUM(AA28,AE28,AK28)/AL28 -> 0.40802129 | BG28: ='[1]Data-PSC CH Tables'!C22 -> 22136.313 | BH28: ='[1]Data-PSC CH Tables'!AG22 -> 39605.233 | BI28: ='[1]Data-PSC CH Tables'!AI22 -> 40927.233 | BK28: =BG28-C28 -> 1495.9129 | BL28: =BH28-AJ28 -> 1872.7809 | BM28: =BI28-AL28 -> 1872.7809 | BS28: =AC28 -> 4475.048 | BT28: =Z28 -> 6814 | BU28: =X28 -> 24 | BV28: =AD28 -> 1810 | BW28: =Y28 -> 1490 | BX28: =SUM(BS28:BW28) -> 14613.048 | BY28: =AJ28 -> 37732.452 | BZ28: =BX28/BY28 -> 0.38728063 | CA28: =SUM(BV28,BS28)/BX28 -> 0.43009836 | CB28: =SUM(BT28:BU28,BW28)/BX28 -> 0.56990164 | CC28: =AK28/(BX28+AK28) -> 0.082961783 | CF28: 39632.497 | CG28: 40954.497 | CH28: =AJ28-CF28 -> -1900.0443 | CI28: =AL28-CG28 -> -1900.0443 | CJ28: 24991.449 | CK28: =V28-CJ28 -> -1872.0443 | CM28: =B28 -> 2007 | CN28: =AJ28 -> 37732.452 | CO28: =IF((CN28-DE$2-CT28)>0, (CN28-DE$2-CT28),0) -> 14808.637 | CP28: =CO28+CT28 -> 22732.452 | CQ28: =V28 -> 23119.404 | CR28: =IF(ROUND(CQ28,-3)>=DE$3,"Y","N") -> Y | CS28: =IF(CQ28>DE$2,"Y","N") -> Y | CT28: =IF(CN28*DB$1>12600,12600,CN28*DB$1) -> 7923.815 | CU28: =IF(CR28="N",0,IF(CS28="N",(BX28-BT28)+CT28,CT28)) -> 7923.815 | CX28: =BT28 -> 6814 | CY28: =CX28-CU28 -> -1109.815 | CZ28: 0.1 | DA28: =IF(CZ28=100%,CY28,CZ28*CT28*-1) -> -792.3815 | DB28: =IF(CX28>CT28,CY28,(IF(CY28*-1>(CT28*CZ28),CT28*CZ28*-1,CY28))) -> -792.3815 | DD28: =DB28+DD27 -> -5552.0154 | DE28: =DB28 -> -792.3815 | DF28: =IF($DB28>0,$DB28,$DB28*-1) -> 792.3815 | DH28: =P28/V28 -> 0.10722613 | DK28: =AC28/AJ28 -> 0.11859945 | DL28: =AD28/AJ28 -> 0.047969318 | DS28: =V28 -> 23119.404 | DT28: 27841.629 | DU28: =DT28-DS28 -> 4722.2252 | DW28: =AJ28 -> 37732.452 | DX28: 41711.629 | DY28: =DX28-DW28 -> 3979.1772 | EC28: =AC28/$AE28 -> 0.71201493 | ED28: =AD28/$AE28 -> 0.28798507 | EG28: =SUM(X28:Y28,AE28) -> 7799.048 | EI28: =P28/B28 -> 1.235179 | EJ28: =$P28/V28 -> 0.10722613 | EM28: =V28/1000 -> 23.119404 | EN28: =Z28/1000 -> 6.814 | EO28: =SUM(X28:Y28,AE28)/1000 -> 7.799048 | EP28: =AK28/1000 -> 1.322 | ET28: =J28/L28 -> 0.19755851 | EW28: =BX28-BT28 -> 7799.048 | EY28: =G28+H28 -> 989 | EZ28: =EY28+R28 -> 1514 | FB28: =L28+SUM(S28,AE28,AK28)*FC28 -> 35142.528 | FC28: =L28/SUM(L28,P28) -> 0.91209518 | FE28: =ROUND(L28,-3) -> 26000
B29: 2008 | C29: =L29-J29 -> 21046.8 | D29: =C29-E29 -> 17645.8 | E29: ='Bayesian Sum (10Feb26)'!H24 -> 3401 | G29: ='[1]Data-Nisgaa & Other FN Catch'!BI21 -> 174 | H29: ='[1]Data-SF-FW'!U12 -> 775 | I29: ='Data-Chin-Nisga''a'!N23 -> 1092.2 | J29: =SUM(G29:I29) -> 2041.2 | L29: ='Bayesian Sum (10Feb26)'!K24 -> 23088 | M29: =H29/L29 -> 0.033567221 | N29: ='Data-Coastal-Chin-Esc (new)'!J36 -> 616.1931 | O29: =P29/N29 -> 4.1023093 | P29: ='Data-Coastal-Chin-Esc (new)'!AA36 -> 2527.8147 | R29: =SUM('[1]Data-SF-FW'!C12:H12) -> 519 | S29: ='Data-Chin-Nisga''a'!P23+'Data-Chin-Nisga''a'!Q23+'Data-Chin-Nisga''a'!O23 -> 3383 | T29: =SUM(R29:S29) -> 3902 | U29: =R29/SUM(T29,P29) -> 0.080717723 | V29: =SUM(P29,C29) -> 23574.615 | X29: =G29 -> 174 | Y29: =SUM(H29,R29) -> 1294 | Z29: =SUM(I29,S29) -> 4475.2 | AA29: =SUM(X29:Z29) -> 5943.2 | AC29: ='A3.1b CF-tidal-Harvests (Chin)'!G23 -> 466.624 | AD29: ='A3.1b CF-tidal-Harvests (Chin)'!L23 -> 1620 | AE29: =SUM(AC29:AD29) -> 2086.624 | AJ29: =SUM(V29,AA29,AE29) -> 31604.439 | AK29: 366 | AL29: =SUM(AJ29:AK29) -> 31970.439 | AM29: 353 | AN29: ='[1]Data-FW Catch Rates - new'!CE23 -> 20294.36 | AO29: =X29/AN29 -> 0.0085738107 | AP29: =RANK(L29,L$13:L$46,1) -> 23 | AR29: =SUM(AE29,AA29,AK29)/AL29 -> 0.2626121 | AS29: =I29/L29 -> 0.04730596 | AT29: =H29/$L29 -> 0.033567221 | AU29: =J29/$L29 -> 0.088409563 | AX29: =Z29/$AL29 -> 0.13997931 | AY29: =AC29/$AL29 -> 0.014595483 | AZ29: =SUM(Y29,AD29)/$AL29 -> 0.0911467 | BA29: =X29/AL29 -> 0.0054425278 | BB29: =SUM(AA29,AE29)/AL29 -> 0.25116402 | BC29: =AK29/AL29 -> 0.011448076 | BD29: =SUM(AA29,AE29,AK29)/AL29 -> 0.2626121 | BG29: ='[1]Data-PSC CH Tables'!C23 -> 19630 | BH29: ='[1]Data-PSC CH Tables'!AG23 -> 30190.519 | BI29: ='[1]Data-PSC CH Tables'!AI23 -> 30556.519 | BK29: =BG29-C29 -> -1416.8 | BL29: =BH29-AJ29 -> -1413.9192 | BM29: =BI29-AL29 -> -1413.9192 | BS29: =AC29 -> 466.624 | BT29: =Z29 -> 4475.2 | BU29: =X29 -> 174 | BV29: =AD29 -> 1620 | BW29: =Y29 -> 1294 | BX29: =SUM(BS29:BW29) -> 8029.824 | BY29: =AJ29 -> 31604.439 | BZ29: =BX29/BY29 -> 0.25407267 | CA29: =SUM(BV29,BS29)/BX29 -> 0.25985924 | CB29: =SUM(BT29:BU29,BW29)/BX29 -> 0.74014076 | CC29: =AK29/(BX29+AK29) -> 0.043593101 | CF29: 30214.696 | CG29: 30580.696 | CH29: =AJ29-CF29 -> 1389.7426 | CI29: =AL29-CG29 -> 1389.7426 | CJ29: 22161.872 | CK29: =V29-CJ29 -> 1412.7426 | CM29: =B29 -> 2008 | CN29: =AJ29 -> 31604.439 | CO29: =IF((CN29-DE$2-CT29)>0, (CN29-DE$2-CT29),0) -> 9967.5066 | CP29: =CO29+CT29 -> 16604.439 | CQ29: =V29 -> 23574.615 | CR29: =IF(ROUND(CQ29,-3)>=DE$3,"Y","N") -> Y | CS29: =IF(CQ29>DE$2,"Y","N") -> Y | CT29: =IF(CN29*DB$1>12600,12600,CN29*DB$1) -> 6636.9321 | CU29: =IF(CR29="N",0,IF(CS29="N",(BX29-BT29)+CT29,CT29)) -> 6636.9321 | CX29: =BT29 -> 4475.2 | CY29: =CX29-CU29 -> -2161.7321 | CZ29: 0.1 | DA29: =IF(CZ29=100%,CY29,CZ29*CT29*-1) -> -663.69321 | DB29: =IF(CX29>CT29,CY29,(IF(CY29*-1>(CT29*CZ29),CT29*CZ29*-1,CY29))) -> -663.69321 | DD29: =DB29+DD28 -> -6215.7086 | DE29: =DB29 -> -663.69321 | DF29: =IF($DB29>0,$DB29,$DB29*-1) -> 663.69321 | DH29: =P29/V29 -> 0.10722613 | DK29: =AC29/AJ29 -> 0.014764508 | DL29: =AD29/AJ29 -> 0.051258623 | DS29: =V29 -> 23574.615 | DT29: 21390 | DU29: =DT29-DS29 -> -2184.6147 | DW29: =AJ29 -> 31604.439 | DX29: 29328.132 | DY29: =DX29-DW29 -> -2276.3065 | EC29: =AC29/$AE29 -> 0.2236263 | ED29: =AD29/$AE29 -> 0.7763737 | EG29: =SUM(X29:Y29,AE29) -> 3554.624 | EI29: =P29/B29 -> 1.2588719 | EJ29: =$P29/V29 -> 0.10722613 | EM29: =V29/1000 -> 23.574615 | EN29: =Z29/1000 -> 4.4752 | EO29: =SUM(X29:Y29,AE29)/1000 -> 3.554624 | EP29: =AK29/1000 -> 0.366 | ET29: =J29/L29 -> 0.088409563 | EW29: =BX29-BT29 -> 3554.624 | EY29: =G29+H29 -> 949 | EZ29: =EY29+R29 -> 1468 | FB29: =L29+SUM(S29,AE29,AK29)*FC29 -> 28347.754 | FC29: =L29/SUM(L29,P29) -> 0.9013182 | FE29: =ROUND(L29,-3) -> 23000
B30: 2009 | C30: =L30-J30 -> 26500.4 | D30: =C30-E30 -> 22049.4 | E30: ='Bayesian Sum (10Feb26)'!H25 -> 4451 | G30: ='[1]Data-Nisgaa & Other FN Catch'!BI22 -> 148 | H30: ='[1]Data-SF-FW'!U13 -> 1071 | I30: ='Data-Chin-Nisga''a'!N24 -> 2803.6 | J30: =SUM(G30:I30) -> 4022.6 | L30: ='Bayesian Sum (10Feb26)'!K25 -> 30523 | M30: =H30/L30 -> 0.035088294 | N30: ='Data-Coastal-Chin-Esc (new)'!J37 -> 2170.1148 | O30: =P30/N30 -> 1.4666581 | P30: ='Data-Coastal-Chin-Esc (new)'!AA37 -> 3182.8164 | R30: =SUM('[1]Data-SF-FW'!C13:H13) -> 193 | S30: ='Data-Chin-Nisga''a'!P24+'Data-Chin-Nisga''a'!Q24+'Data-Chin-Nisga''a'!O24 -> 2714.8 | T30: =SUM(R30:S30) -> 2907.8 | U30: =R30/SUM(T30,P30) -> 0.03168809 | V30: =SUM(P30,C30) -> 29683.216 | X30: =G30 -> 148 | Y30: =SUM(H30,R30) -> 1264 | Z30: =SUM(I30,S30) -> 5518.4 | AA30: =SUM(X30:Z30) -> 6930.4 | AC30: ='A3.1b CF-tidal-Harvests (Chin)'!G24 -> 1366.072 | AD30: ='A3.1b CF-tidal-Harvests (Chin)'!L24 -> 1316 | AE30: =SUM(AC30:AD30) -> 2682.072 | AJ30: =SUM(V30,AA30,AE30) -> 39295.688 | AK30: 1152 | AL30: =SUM(AJ30:AK30) -> 40447.688 | AM30: 1056 | AN30: ='[1]Data-FW Catch Rates - new'!CE24 -> 26864 | AO30: =X30/AN30 -> 0.0055092317 | AP30: =RANK(L30,L$13:L$46,1) -> 32 | AR30: =SUM(AE30,AA30,AK30)/AL30 -> 0.26613318 | AS30: =I30/L30 -> 0.091852046 | AT30: =H30/$L30 -> 0.035088294 | AU30: =J30/$L30 -> 0.13178914 | AX30: =Z30/$AL30 -> 0.13643301 | AY30: =AC30/$AL30 -> 0.033773797 | AZ30: =SUM(Y30,AD30)/$AL30 -> 0.063786093 | BA30: =X30/AL30 -> 0.0036590472 | BB30: =SUM(AA30,AE30)/AL30 -> 0.23765195 | BC30: =AK30/AL30 -> 0.028481232 | BD30: =SUM(AA30,AE30,AK30)/AL30 -> 0.26613318 | BG30: ='[1]Data-PSC CH Tables'!C24 -> 26226 | BH30: ='[1]Data-PSC CH Tables'!AG24 -> 39219.794 | BI30: ='[1]Data-PSC CH Tables'!AI24 -> 40371.794 | BK30: =BG30-C30 -> -274.4 | BL30: =BH30-AJ30 -> -75.894366 | BM30: =BI30-AL30 -> -75.894366 | BS30: =AC30 -> 1366.072 | BT30: =Z30 -> 5518.4 | BU30: =X30 -> 148 | BV30: =AD30 -> 1316 | BW30: =Y30 -> 1264 | BX30: =SUM(BS30:BW30) -> 9612.472 | BY30: =AJ30 -> 39295.688 | BZ30: =BX30/BY30 -> 0.244619 | CA30: =SUM(BV30,BS30)/BX30 -> 0.27902001 | CB30: =SUM(BT30:BU30,BW30)/BX30 -> 0.72097999 | CC30: =AK30/(BX30+AK30) -> 0.10701872 | CF30: 39253.094 | CG30: 40405.094 | CH30: =AJ30-CF30 -> 42.593995 | CI30: =AL30-CG30 -> 42.593995 | CJ30: 29608.622 | CK30: =V30-CJ30 -> 74.593995 | CM30: =B30 -> 2009 | CN30: =AJ30 -> 39295.688 | CO30: =IF((CN30-DE$2-CT30)>0, (CN30-DE$2-CT30),0) -> 16043.594 | CP30: =CO30+CT30 -> 24295.688 | CQ30: =V30 -> 29683.216 | CR30: =IF(ROUND(CQ30,-3)>=DE$3,"Y","N") -> Y | CS30: =IF(CQ30>DE$2,"Y","N") -> Y | CT30: =IF(CN30*DB$1>12600,12600,CN30*DB$1) -> 8252.0946 | CU30: =IF(CR30="N",0,IF(CS30="N",(BX30-BT30)+CT30,CT30)) -> 8252.0946 | CX30: =BT30 -> 5518.4 | CY30: =CX30-CU30 -> -2733.6946 | CZ30: 0.1 | DA30: =IF(CZ30=100%,CY30,CZ30*CT30*-1) -> -825.20946 | DB30: =IF(CX30>CT30,CY30,(IF(CY30*-1>(CT30*CZ30),CT30*CZ30*-1,CY30))) -> -825.20946 | DD30: =DB30+DD29 -> -7040.9181 | DE30: =DB30 -> -825.20946 | DF30: =IF($DB30>0,$DB30,$DB30*-1) -> 825.20946 | DH30: =P30/V30 -> 0.10722613 | DK30: =AC30/AJ30 -> 0.034763916 | DL30: =AD30/AJ30 -> 0.033489679 | DS30: =V30 -> 29683.216 | DT30: 27829.657 | DU30: =DT30-DS30 -> -1853.5599 | DW30: =AJ30 -> 39295.688 | DX30: 36851.657 | DY30: =DX30-DW30 -> -2444.0319 | EC30: =AC30/$AE30 -> 0.50933457 | ED30: =AD30/$AE30 -> 0.49066543 | EG30: =SUM(X30:Y30,AE30) -> 4094.072 | EI30: =P30/B30 -> 1.584279 | EJ30: =$P30/V30 -> 0.10722613 | EM30: =V30/1000 -> 29.683216 | EN30: =Z30/1000 -> 5.5184 | EO30: =SUM(X30:Y30,AE30)/1000 -> 4.094072 | EP30: =AK30/1000 -> 1.152 | ET30: =J30/L30 -> 0.13178914 | EW30: =BX30-BT30 -> 4094.072 | EY30: =G30+H30 -> 1219 | EZ30: =EY30+R30 -> 1412 | FB30: =L30+SUM(S30,AE30,AK30)*FC30 -> 36453.467 | FC30: =L30/SUM(L30,P30) -> 0.90557071 | FE30: =ROUND(L30,-3) -> 31000
B31: 2010 | C31: =L31-J31 -> 17801.2 | D31: =C31-E31 -> 15566.2 | E31: ='Bayesian Sum (10Feb26)'!H26 -> 2235 | G31: ='[1]Data-Nisgaa & Other FN Catch'!BI23 -> 88 | H31: ='[1]Data-SF-FW'!U14 -> 534 | I31: ='Data-Chin-Nisga''a'!N25 -> 1719.8 | J31: =SUM(G31:I31) -> 2341.8 | L31: ='Bayesian Sum (10Feb26)'!K26 -> 20143 | M31: =H31/L31 -> 0.02651045 | N31: ='Data-Coastal-Chin-Esc (new)'!J38 -> 586.5175 | O31: =P31/N31 -> 3.6452512 | P31: ='Data-Coastal-Chin-Esc (new)'!AA38 -> 2138.0036 | R31: =SUM('[1]Data-SF-FW'!C14:H14) -> 13 | S31: ='Data-Chin-Nisga''a'!P25+'Data-Chin-Nisga''a'!Q25+'Data-Chin-Nisga''a'!O25 -> 2923 | T31: =SUM(R31:S31) -> 2936 | U31: =R31/SUM(T31,P31) -> 0.0025620794 | V31: =SUM(P31,C31) -> 19939.204 | X31: =G31 -> 88 | Y31: =SUM(H31,R31) -> 547 | Z31: =SUM(I31,S31) -> 4642.8 | AA31: =SUM(X31:Z31) -> 5277.8 | AC31: ='A3.1b CF-tidal-Harvests (Chin)'!G25 -> 973.32 | AD31: ='A3.1b CF-tidal-Harvests (Chin)'!L25 -> 399 | AE31: =SUM(AC31:AD31) -> 1372.32 | AJ31: =SUM(V31,AA31,AE31) -> 26589.324 | AK31: 805 | AL31: =SUM(AJ31:AK31) -> 27394.324 | AM31: 783 | AN31: ='[1]Data-FW Catch Rates - new'!CE25 -> 18773 | AO31: =X31/AN31 -> 0.0046875832 | AP31: =RANK(L31,L$13:L$46,1) -> 21 | AR31: =SUM(AE31,AA31,AK31)/AL31 -> 0.27214105 | AS31: =I31/L31 -> 0.085379536 | AT31: =H31/$L31 -> 0.02651045 | AU31: =J31/$L31 -> 0.11625875 | AX31: =Z31/$AL31 -> 0.16948037 | AY31: =AC31/$AL31 -> 0.035529988 | AZ31: =SUM(Y31,AD31)/$AL31 -> 0.034532701 | BA31: =X31/AL31 -> 0.0032123443 | BB31: =SUM(AA31,AE31)/AL31 -> 0.2427554 | BC31: =AK31/AL31 -> 0.02938565 | BD31: =SUM(AA31,AE31,AK31)/AL31 -> 0.27214105 | BG31: ='[1]Data-PSC CH Tables'!C25 -> 18381 | BH31: ='[1]Data-PSC CH Tables'!AG25 -> 27379.258 | BI31: ='[1]Data-PSC CH Tables'!AI25 -> 28184.258 | BK31: =BG31-C31 -> 579.8 | BL31: =BH31-AJ31 -> 789.93446 | BM31: =BI31-AL31 -> 789.93446 | BS31: =AC31 -> 973.32 | BT31: =Z31 -> 4642.8 | BU31: =X31 -> 88 | BV31: =AD31 -> 399 | BW31: =Y31 -> 547 | BX31: =SUM(BS31:BW31) -> 6650.12 | BY31: =AJ31 -> 26589.324 | BZ31: =BX31/BY31 -> 0.2501049 | CA31: =SUM(BV31,BS31)/BX31 -> 0.20636019 | CB31: =SUM(BT31:BU31,BW31)/BX31 -> 0.79363981 | CC31: =AK31/(BX31+AK31) -> 0.10797948 | CF31: 27401.896 | CG31: 28206.896 | CH31: =AJ31-CF31 -> -812.5728 | CI31: =AL31-CG31 -> -812.5728 | CJ31: 20751.776 | CK31: =V31-CJ31 -> -812.5728 | CM31: =B31 -> 2010 | CN31: =AJ31 -> 26589.324 | CO31: =IF((CN31-DE$2-CT31)>0, (CN31-DE$2-CT31),0) -> 6005.5657 | CP31: =CO31+CT31 -> 11589.324 | CQ31: =V31 -> 19939.204 | CR31: =IF(ROUND(CQ31,-3)>=DE$3,"Y","N") -> Y | CS31: =IF(CQ31>DE$2,"Y","N") -> Y | CT31: =IF(CN31*DB$1>12600,12600,CN31*DB$1) -> 5583.758 | CU31: =IF(CR31="N",0,IF(CS31="N",(BX31-BT31)+CT31,CT31)) -> 5583.758 | CX31: =BT31 -> 4642.8 | CY31: =CX31-CU31 -> -940.95797 | CZ31: 0.1 | DA31: =IF(CZ31=100%,CY31,CZ31*CT31*-1) -> -558.3758 | DB31: =IF(CX31>CT31,CY31,(IF(CY31*-1>(CT31*CZ31),CT31*CZ31*-1,CY31))) -> -558.3758 | DD31: =DB31+DD30 -> -7599.2939 | DE31: =DB31 -> -558.3758 | DF31: =IF($DB31>0,$DB31,$DB31*-1) -> 558.3758 | DH31: =P31/V31 -> 0.10722613 | DK31: =AC31/AJ31 -> 0.03660567 | DL31: =AD31/AJ31 -> 0.015006023 | DS31: =V31 -> 19939.204 | DT31: 19861.298 | DU31: =DT31-DS31 -> -77.905289 | DW31: =AJ31 -> 26589.324 | DX31: 26393.298 | DY31: =DX31-DW31 -> -196.02529 | EC31: =AC31/$AE31 -> 0.70925149 | ED31: =AD31/$AE31 -> 0.29074851 | EG31: =SUM(X31:Y31,AE31) -> 2007.32 | EI31: =P31/B31 -> 1.0636834 | EJ31: =$P31/V31 -> 0.10722613 | EM31: =V31/1000 -> 19.939204 | EN31: =Z31/1000 -> 4.6428 | EO31: =SUM(X31:Y31,AE31)/1000 -> 2.00732 | EP31: =AK31/1000 -> 0.805 | ET31: =J31/L31 -> 0.11625875 | EW31: =BX31-BT31 -> 2007.32 | EY31: =G31+H31 -> 622 | EZ31: =EY31+R31 -> 635 | FB31: =L31+SUM(S31,AE31,AK31)*FC31 -> 24753.912 | FC31: =L31/SUM(L31,P31) -> 0.90404366 | FE31: =ROUND(L31,-3) -> 20000
B32: 2011 | C32: =L32-J32 -> 10555.2 | D32: =C32-E32 -> 9282.2 | E32: ='Bayesian Sum (10Feb26)'!H27 -> 1273 | G32: ='[1]Data-Nisgaa & Other FN Catch'!BI24 -> 103 | H32: ='[1]Data-SF-FW'!U15 -> 542 | I32: ='Data-Chin-Nisga''a'!N26 -> 1236.8 | J32: =SUM(G32:I32) -> 1881.8 | L32: ='Bayesian Sum (10Feb26)'!K27 -> 12437 | M32: =H32/L32 -> 0.043579641 | N32: ='Data-Coastal-Chin-Esc (new)'!J39 -> 0 | O32: NA | P32: ='Data-Coastal-Chin-Esc (new)'!AA39 -> 1267.7267 | R32: =SUM('[1]Data-SF-FW'!C15:H15) -> 27 | S32: ='Data-Chin-Nisga''a'!P26+'Data-Chin-Nisga''a'!Q26+'Data-Chin-Nisga''a'!O26 -> 3368.2 | T32: =SUM(R32:S32) -> 3395.2 | U32: =R32/SUM(T32,P32) -> 0.0057903548 | V32: =SUM(P32,C32) -> 11822.927 | X32: =G32 -> 103 | Y32: =SUM(H32,R32) -> 569 | Z32: =SUM(I32,S32) -> 4605 | AA32: =SUM(X32:Z32) -> 5277 | AC32: ='A3.1b CF-tidal-Harvests (Chin)'!G26 -> 1371.232 | AD32: ='A3.1b CF-tidal-Harvests (Chin)'!L26 -> 898 | AE32: =SUM(AC32:AD32) -> 2269.232 | AJ32: =SUM(V32,AA32,AE32) -> 19369.159 | AK32: 1532 | AL32: =SUM(AJ32:AK32) -> 20901.159 | AM32: 1510 | AN32: ='[1]Data-FW Catch Rates - new'!CE26 -> 10204.538 | AO32: =X32/AN32 -> 0.010093549 | AP32: =RANK(L32,L$13:L$46,1) -> 7 | AR32: =SUM(AE32,AA32,AK32)/AL32 -> 0.43434109 | AS32: =I32/L32 -> 0.099445204 | AT32: =H32/$L32 -> 0.043579641 | AU32: =J32/$L32 -> 0.15130659 | AX32: =Z32/$AL32 -> 0.22032271 | AY32: =AC32/$AL32 -> 0.06560555 | AZ32: =SUM(Y32,AD32)/$AL32 -> 0.070187496 | BA32: =X32/AL32 -> 0.0049279565 | BB32: =SUM(AA32,AE32)/AL32 -> 0.36104372 | BC32: =AK32/AL32 -> 0.073297372 | BD32: =SUM(AA32,AE32,AK32)/AL32 -> 0.43434109 | BG32: ='[1]Data-PSC CH Tables'!C26 -> 9599.5723 | BH32: ='[1]Data-PSC CH Tables'!AG26 -> 18372.132 | BI32: ='[1]Data-PSC CH Tables'!AI26 -> 19904.132 | BK32: =BG32-C32 -> -955.62768 | BL32: =BH32-AJ32 -> -997.02709 | BM32: =BI32-AL32 -> -997.02709 | BS32: =AC32 -> 1371.232 | BT32: =Z32 -> 4605 | BU32: =X32 -> 103 | BV32: =AD32 -> 898 | BW32: =Y32 -> 569 | BX32: =SUM(BS32:BW32) -> 7546.232 | BY32: =AJ32 -> 19369.159 | BZ32: =BX32/BY32 -> 0.3896004 | CA32: =SUM(BV32,BS32)/BX32 -> 0.30071061 | CB32: =SUM(BT32:BU32,BW32)/BX32 -> 0.69928939 | CC32: =AK32/(BX32+AK32) -> 0.16875533 | CF32: 18383.955 | CG32: 19915.955 | CH32: =AJ32-CF32 -> 985.2041 | CI32: =AL32-CG32 -> 985.2041 | CJ32: 10837.723 | CK32: =V32-CJ32 -> 985.2041 | CM32: =B32 -> 2011 | CN32: =AJ32 -> 19369.159 | CO32: =IF((CN32-DE$2-CT32)>0, (CN32-DE$2-CT32),0) -> 301.63535 | CP32: =CO32+CT32 -> 4369.1587 | CQ32: =V32 -> 11822.927 | CR32: =IF(ROUND(CQ32,-3)>=DE$3,"Y","N") -> Y | CS32: =IF(CQ32>DE$2,"Y","N") -> N | CT32: =IF(CN32*DB$1>12600,12600,CN32*DB$1) -> 4067.5233 | CU32: =IF(CR32="N",0,IF(CS32="N",(BX32-BT32)+CT32,CT32)) -> 7008.7553 | CV32: =CX32-CT32-(BX32-CX32) -> -2403.7553 | CX32: =BT32 -> 4605 | CY32: =CX32-CU32 -> -2403.7553 | CZ32: 0.1 | DA32: =IF(CZ32=100%,CY32,CZ32*CT32*-1) -> -406.75233 | DB32: =IF(CX32>CT32,CY32,(IF(CY32*-1>(CT32*CZ32),CT32*CZ32*-1,CY32))) -> -2403.7553 | DD32: =DB32+DD31 -> -10003.049 | DE32: =DB32 -> -2403.7553 | DF32: =IF($DB32>0,$DB32,$DB32*-1) -> 2403.7553 | DH32: =P32/V32 -> 0.10722613 | DK32: =AC32/AJ32 -> 0.070794608 | DL32: =AD32/AJ32 -> 0.046362365 | DS32: =V32 -> 11822.927 | DT32: 19861.298 | DU32: =DT32-DS32 -> 8038.3717 | DW32: =AJ32 -> 19369.159 | DX32: 26393.298 | DY32: =DX32-DW32 -> 7024.1397 | EC32: =AC32/$AE32 -> 0.6042714 | ED32: =AD32/$AE32 -> 0.3957286 | EG32: =SUM(X32:Y32,AE32) -> 2941.232 | EI32: =P32/B32 -> 0.63039616 | EJ32: =$P32/V32 -> 0.10722613 | EM32: =V32/1000 -> 11.822927 | EN32: =Z32/1000 -> 4.605 | EO32: =SUM(X32:Y32,AE32)/1000 -> 2.941232 | EP32: =AK32/1000 -> 1.532 | ET32: =J32/L32 -> 0.15130659 | EW32: =BX32-BT32 -> 2941.232 | EY32: =G32+H32 -> 645 | EZ32: =EY32+R32 -> 672 | FB32: =L32+SUM(S32,AE32,AK32)*FC32 -> 18943.239 | FC32: =L32/SUM(L32,P32) -> 0.90749712 | FE32: =ROUND(L32,-3) -> 12000
B33: 2012 | C33: =L33-J33 -> 9380.8 | D33: =C33-E33 -> 8178.8 | E33: ='Bayesian Sum (10Feb26)'!H28 -> 1202 | G33: ='[1]Data-Nisgaa & Other FN Catch'!BI25 -> 105 | H33: ='[1]Data-SF-FW'!U16 -> 532 | I33: ='Data-Chin-Nisga''a'!N27 -> 1467.2 | J33: =SUM(G33:I33) -> 2104.2 | L33: ='Bayesian Sum (10Feb26)'!K28 -> 11485 | M33: =H33/L33 -> 0.046321289 | N33: ='Data-Coastal-Chin-Esc (new)'!J40 -> 865.11332 | O33: =P33/N33 -> 1.302345 | P33: ='Data-Coastal-Chin-Esc (new)'!AA40 -> 1126.676 | R33: =SUM('[1]Data-SF-FW'!C16:H16) -> 18 | S33: ='Data-Chin-Nisga''a'!P27+'Data-Chin-Nisga''a'!Q27+'Data-Chin-Nisga''a'!O27 -> 2146.4 | T33: =SUM(R33:S33) -> 2164.4 | U33: =R33/SUM(T33,P33) -> 0.0054693359 | V33: =SUM(P33,C33) -> 10507.476 | X33: =G33 -> 105 | Y33: =SUM(H33,R33) -> 550 | Z33: =SUM(I33,S33) -> 3613.6 | AA33: =SUM(X33:Z33) -> 4268.6 | AC33: ='A3.1b CF-tidal-Harvests (Chin)'!G27 -> 1247.576 | AD33: ='A3.1b CF-tidal-Harvests (Chin)'!L27 -> 494 | AE33: =SUM(AC33:AD33) -> 1741.576 | AJ33: =SUM(V33,AA33,AE33) -> 16517.652 | AK33: 1185 | AL33: =SUM(AJ33:AK33) -> 17702.652 | AM33: 1172 | AN33: ='[1]Data-FW Catch Rates - new'!CE27 -> 8995.6589 | AO33: =X33/AN33 -> 0.011672297 | AP33: =RANK(L33,L$13:L$46,1) -> 2 | AR33: =SUM(AE33,AA33,AK33)/AL33 -> 0.40644622 | AS33: =I33/L33 -> 0.12774924 | AT33: =H33/$L33 -> 0.046321289 | AU33: =J33/$L33 -> 0.18321289 | AX33: =Z33/$AL33 -> 0.20412761 | AY33: =AC33/$AL33 -> 0.070473961 | AZ33: =SUM(Y33,AD33)/$AL33 -> 0.058974215 | BA33: =X33/AL33 -> 0.0059313147 | BB33: =SUM(AA33,AE33)/AL33 -> 0.3395071 | BC33: =AK33/AL33 -> 0.066939123 | BD33: =SUM(AA33,AE33,AK33)/AL33 -> 0.40644622 | BG33: ='[1]Data-PSC CH Tables'!C27 -> 8687.6589 | BH33: ='[1]Data-PSC CH Tables'!AG27 -> 15807.667 | BI33: ='[1]Data-PSC CH Tables'!AI27 -> 16992.667 | BK33: =BG33-C33 -> -693.14107 | BL33: =BH33-AJ33 -> -709.98501 | BM33: =BI33-AL33 -> -709.98501 | BS33: =AC33 -> 1247.576 | BT33: =Z33 -> 3613.6 | BU33: =X33 -> 105 | BV33: =AD33 -> 494 | BW33: =Y33 -> 550 | BX33: =SUM(BS33:BW33) -> 6010.176 | BY33: =AJ33 -> 16517.652 | BZ33: =BX33/BY33 -> 0.36386382 | CA33: =SUM(BV33,BS33)/BX33 -> 0.28977121 | CB33: =SUM(BT33:BU33,BW33)/BX33 -> 0.71022879 | CC33: =AK33/(BX33+AK33) -> 0.16469368 | CF33: 15818.367 | CG33: 17003.367 | CH33: =AJ33-CF33 -> 699.28515 | CI33: =AL33-CG33 -> 699.28515 | CJ33: 9808.1908 | CK33: =V33-CJ33 -> 699.28515 | CM33: =B33 -> 2012 | CN33: =AJ33 -> 16517.652 | CO33: =IF((CN33-DE$2-CT33)>0, (CN33-DE$2-CT33),0) -> 0 | CP33: =CO33+CT33 -> 3468.7069 | CQ33: =V33 -> 10507.476 | CR33: =IF(ROUND(CQ33,-3)>=DE$3,"Y","N") -> Y | CS33: =IF(CQ33>DE$2,"Y","N") -> N | CT33: =IF(CN33*DB$1>12600,12600,CN33*DB$1) -> 3468.7069 | CU33: =IF(CR33="N",0,IF(CS33="N",(BX33-BT33)+CT33,CT33)) -> 5865.2829 | CV33: =CX33-CT33-(BX33-CX33) -> -2251.6829 | CX33: =BT33 -> 3613.6 | CY33: =CX33-CU33 -> -2251.6829 | CZ33: 0.1 | DA33: =IF(CZ33=100%,CY33,CZ33*CT33*-1) -> -346.87069 | DB33: =IF(CX33>CT33,CY33,(IF(CY33*-1>(CT33*CZ33),CT33*CZ33*-1,CY33))) -> -2251.6829 | DD33: =DB33+DD32 -> -12254.732 | DE33: =DB33 -> -2251.6829 | DF33: =IF($DB33>0,$DB33,$DB33*-1) -> 2251.6829 | DH33: =P33/V33 -> 0.10722613 | DS33: =V33 -> 10507.476 | DT33: 19861.298 | DU33: =DT33-DS33 -> 9353.8224 | DW33: =AJ33 -> 16517.652 | DX33: 26393.298 | DY33: =DX33-DW33 -> 9875.6464 | EG33: =SUM(X33:Y33,AE33) -> 2396.576 | EJ33: =$P33/V33 -> 0.10722613 | EM33: =V33/1000 -> 10.507476 | EN33: =Z33/1000 -> 3.6136 | EO33: =SUM(X33:Y33,AE33)/1000 -> 2.396576 | EP33: =AK33/1000 -> 1.185 | ET33: =J33/L33 -> 0.18321289 | EW33: =BX33-BT33 -> 2396.576 | EY33: =G33+H33 -> 637 | EZ33: =EY33+R33 -> 655 | FB33: =L33+SUM(S33,AE33,AK33)*FC33 -> 16104.777 | FC33: =L33/SUM(L33,P33) -> 0.91066406 | FE33: =ROUND(L33,-3) -> 11000
B34: 2013 | C34: =L34-J34 -> 9342.4 | D34: =C34-E34 -> 7746.4 | E34: ='Bayesian Sum (10Feb26)'!H29 -> 1596 | G34: ='[1]Data-Nisgaa & Other FN Catch'!BI26 -> 52 | H34: ='[1]Data-SF-FW'!U17 -> 466 | I34: ='Data-Chin-Nisga''a'!N28 -> 1735.6 | J34: =SUM(G34:I34) -> 2253.6 | L34: ='Bayesian Sum (10Feb26)'!K29 -> 11596 | M34: =H34/L34 -> 0.040186271 | N34: ='Data-Coastal-Chin-Esc (new)'!J41 -> 527.86575 | O34: =P34/N34 -> 2.1256616 | P34: ='Data-Coastal-Chin-Esc (new)'!AA41 -> 1122.064 | R34: =SUM('[1]Data-SF-FW'!C17:H17) -> 6 | S34: ='Data-Chin-Nisga''a'!P28+'Data-Chin-Nisga''a'!Q28+'Data-Chin-Nisga''a'!O28 -> 2723.2 | T34: =SUM(R34:S34) -> 2729.2 | U34: =R34/SUM(T34,P34) -> 0.0015579301 | V34: =SUM(P34,C34) -> 10464.464 | X34: =G34 -> 52 | Y34: =SUM(H34,R34) -> 472 | Z34: =SUM(I34,S34) -> 4458.8 | AA34: =SUM(X34:Z34) -> 4982.8 | AC34: ='A3.1b CF-tidal-Harvests (Chin)'!G28 -> 1876.072 | AD34: ='A3.1b CF-tidal-Harvests (Chin)'!L28 -> 518 | AE34: =SUM(AC34:AD34) -> 2394.072 | AJ34: =SUM(V34,AA34,AE34) -> 17841.336 | AK34: 186 | AL34: =SUM(AJ34:AK34) -> 18027.336 | AM34: 178 | AN34: ='[1]Data-FW Catch Rates - new'!CE28 -> 8297.8356 | AO34: =X34/AN34 -> 0.0062666944 | AP34: =RANK(L34,L$13:L$46,1) -> 3 | AR34: =SUM(AE34,AA34,AK34)/AL34 -> 0.41952244 | AS34: =I34/L34 -> 0.1496723 | AT34: =H34/$L34 -> 0.040186271 | AU34: =J34/$L34 -> 0.19434288 | AX34: =Z34/$AL34 -> 0.24733549 | AY34: =AC34/$AL34 -> 0.10406818 | AZ34: =SUM(Y34,AD34)/$AL34 -> 0.0549166 | BA34: =X34/AL34 -> 0.0028845083 | BB34: =SUM(AA34,AE34)/AL34 -> 0.40920478 | BC34: =AK34/AL34 -> 0.010317664 | BD34: =SUM(AA34,AE34,AK34)/AL34 -> 0.41952244 | BG34: ='[1]Data-PSC CH Tables'!C28 -> 8010.8356 | BH34: ='[1]Data-PSC CH Tables'!AG28 -> 16411.077 | BI34: ='[1]Data-PSC CH Tables'!AI28 -> 16597.077 | BK34: =BG34-C34 -> -1331.5644 | BL34: =BH34-AJ34 -> -1430.2592 | BM34: =BI34-AL34 -> -1430.2592 | BS34: =AC34 -> 1876.072 | BT34: =Z34 -> 4458.8 | BU34: =X34 -> 52 | BV34: =AD34 -> 518 | BW34: =Y34 -> 472 | BX34: =SUM(BS34:BW34) -> 7376.872 | BY34: =AJ34 -> 17841.336 | BZ34: =BX34/BY34 -> 0.41347083 | CA34: =SUM(BV34,BS34)/BX34 -> 0.32453755 | CB34: =SUM(BT34:BU34,BW34)/BX34 -> 0.67546245 | CC34: =AK34/(BX34+AK34) -> 0.024593832 | CF34: 16420.943 | CG34: 16606.943 | CH34: =AJ34-CF34 -> 1420.3929 | CI34: =AL34-CG34 -> 1420.3929 | CJ34: 9044.0711 | CK34: =V34-CJ34 -> 1420.3929 | CM34: =B34 -> 2013 | CN34: =AJ34 -> 17841.336 | CO34: =IF((CN34-DE$2-CT34)>0, (CN34-DE$2-CT34),0) -> 0 | CP34: =CO34+CT34 -> 3746.6806 | CQ34: =V34 -> 10464.464 | CR34: =IF(ROUND(CQ34,-3)>=DE$3,"Y","N") -> Y | CS34: =IF(CQ34>DE$2,"Y","N") -> N | CT34: =IF(CN34*DB$1>12600,12600,CN34*DB$1) -> 3746.6806 | CU34: =IF(CR34="N",0,IF(CS34="N",(BX34-BT34)+CT34,CT34)) -> 6664.7526 | CV34: =CX34-CT34-(BX34-CX34) -> -2205.9526 | CX34: =BT34 -> 4458.8 | CY34: =CX34-CU34 -> -2205.9526 | CZ34: 0.1 | DA34: =IF(CZ34=100%,CY34,CZ34*CT34*-1) -> -374.66806 | DB34: =IF(CX34>CT34,CY34,(IF(CY34*-1>(CT34*CZ34),CT34*CZ34*-1,CY34))) -> -2205.9526 | DD34: =DB34+DD33 -> -14460.685 | DE34: =DB34 -> -2205.9526 | DF34: =IF($DB34>0,$DB34,$DB34*-1) -> 2205.9526 | DH34: =P34/V34 -> 0.10722613 | DS34: =V34 -> 10464.464 | DT34: 19861.298 | DU34: =DT34-DS34 -> 9396.8344 | DW34: =AJ34 -> 17841.336 | DX34: 26393.298 | DY34: =DX34-DW34 -> 8551.9624 | EG34: =SUM(X34:Y34,AE34) -> 2918.072 | EJ34: =$P34/V34 -> 0.10722613 | EM34: =V34/1000 -> 10.464464 | EN34: =Z34/1000 -> 4.4588 | EO34: =SUM(X34:Y34,AE34)/1000 -> 2.918072 | EP34: =AK34/1000 -> 0.186 | ET34: =J34/L34 -> 0.19434288 | EW34: =BX34-BT34 -> 2918.072 | EY34: =G34+H34 -> 518 | EZ34: =EY34+R34 -> 524 | FB34: =L34+SUM(S34,AE34,AK34)*FC34 -> 16431.385 | FC34: =L34/SUM(L34,P34) -> 0.911774 | FE34: =ROUND(L34,-3) -> 12000
B35: 2014 | C35: =L35-J35 -> 13909.2 | D35: =C35-E35 -> 11354.2 | E35: ='Bayesian Sum (10Feb26)'!H30 -> 2555 | G35: ='[1]Data-Nisgaa & Other FN Catch'!BI27 -> 72 | H35: ='[1]Data-SF-FW'!U18 -> 863 | I35: ='Data-Chin-Nisga''a'!N29 -> 1945.8 | J35: =SUM(G35:I35) -> 2880.8 | L35: ='Bayesian Sum (10Feb26)'!K30 -> 16790 | M35: =H35/L35 -> 0.051399643 | N35: ='Data-Coastal-Chin-Esc (new)'!J42 -> 1490.732 | O35: =P35/N35 -> 1.1206287 | P35: ='Data-Coastal-Chin-Esc (new)'!AA42 -> 1670.5571 | R35: =SUM('[1]Data-SF-FW'!C18:H18) -> 1 | S35: ='Data-Chin-Nisga''a'!P29+'Data-Chin-Nisga''a'!Q29+'Data-Chin-Nisga''a'!O29 -> 4083.4 | T35: =SUM(R35:S35) -> 4084.4 | U35: =R35/SUM(T35,P35) -> 0.00017376324 | V35: =SUM(P35,C35) -> 15579.757 | X35: =G35 -> 72 | Y35: =SUM(H35,R35) -> 864 | Z35: =SUM(I35,S35) -> 6029.2 | AA35: =SUM(X35:Z35) -> 6965.2 | AC35: ='A3.1b CF-tidal-Harvests (Chin)'!G29 -> 2046.448 | AD35: ='A3.1b CF-tidal-Harvests (Chin)'!L29 -> 734 | AE35: =SUM(AC35:AD35) -> 2780.448 | AJ35: =SUM(V35,AA35,AE35) -> 25325.405 | AK35: 1585 | AL35: =SUM(AJ35:AK35) -> 26910.405 | AM35: 1498 | AN35: ='[1]Data-FW Catch Rates - new'!CE29 -> 11914 | AO35: =X35/AN35 -> 0.0060433104 | AP35: =RANK(L35,L$13:L$46,1) -> 17 | AR35: =SUM(AE35,AA35,AK35)/AL35 -> 0.42105082 | AS35: =I35/L35 -> 0.11589041 | AT35: =H35/$L35 -> 0.051399643 | AU35: =J35/$L35 -> 0.17157832 | AX35: =Z35/$AL35 -> 0.22404717 | AY35: =AC35/$AL35 -> 0.076046719 | AZ35: =SUM(Y35,AD35)/$AL35 -> 0.059382235 | BA35: =X35/AL35 -> 0.002675545 | BB35: =SUM(AA35,AE35)/AL35 -> 0.36215167 | BC35: =AK35/AL35 -> 0.058899151 | BD35: =SUM(AA35,AE35,AK35)/AL35 -> 0.42105082 | BG35: ='[1]Data-PSC CH Tables'!C29 -> 11509 | BH35: ='[1]Data-PSC CH Tables'!AG29 -> 22724.901 | BI35: ='[1]Data-PSC CH Tables'!AI29 -> 24309.901 | BK35: =BG35-C35 -> -2400.2 | BL35: =BH35-AJ35 -> -2600.504 | BM35: =BI35-AL35 -> -2600.504 | BS35: =AC35 -> 2046.448 | BT35: =Z35 -> 6029.2 | BU35: =X35 -> 72 | BV35: =AD35 -> 734 | BW35: =Y35 -> 864 | BX35: =SUM(BS35:BW35) -> 9745.648 | BY35: =AJ35 -> 25325.405 | BZ35: =BX35/BY35 -> 0.38481706 | CA35: =SUM(BV35,BS35)/BX35 -> 0.2853015 | CB35: =SUM(BT35:BU35,BW35)/BX35 -> 0.7146985 | CC35: =AK35/(BX35+AK35) -> 0.13988609 | CF35: 22739.076 | CG35: 24324.076 | CH35: =AJ35-CF35 -> 2586.3293 | CI35: =AL35-CG35 -> 2586.3293 | CJ35: 12993.428 | CK35: =V35-CJ35 -> 2586.3293 | CM35: =B35 -> 2014 | CN35: =AJ35 -> 25325.405 | CO35: =IF((CN35-DE$2-CT35)>0, (CN35-DE$2-CT35),0) -> 5007.07 | CP35: =CO35+CT35 -> 10325.405 | CQ35: =V35 -> 15579.757 | CR35: =IF(ROUND(CQ35,-3)>=DE$3,"Y","N") -> Y | CS35: =IF(CQ35>DE$2,"Y","N") -> Y | CT35: =IF(CN35*DB$1>12600,12600,CN35*DB$1) -> 5318.3351 | CU35: =IF(CR35="N",0,IF(CS35="N",(BX35-BT35)+CT35,CT35)) -> 5318.3351 | CV35: =CX35-CT35-(BX35-CX35) -> -3005.5831 | CX35: =BT35 -> 6029.2 | CY35: =CX35-CU35 -> 710.86494 | CZ35: 0.1 | DA35: =IF(CZ35=100%,CY35,CZ35*CT35*-1) -> -531.83351 | DB35: =IF(CX35>CT35,CY35,(IF(CY35*-1>(CT35*CZ35),CT35*CZ35*-1,CY35))) -> 710.86494 | DD35: =DB35+DD34 -> -13749.82 | DE35: =DB35 -> 710.86494 | DF35: =IF($DB35>0,$DB35,$DB35*-1) -> 710.86494 | DH35: =P35/V35 -> 0.10722613 | DS35: =V35 -> 15579.757 | DT35: 19861.298 | DU35: =DT35-DS35 -> 4281.5413 | DW35: =AJ35 -> 25325.405 | DX35: 26393.298 | DY35: =DX35-DW35 -> 1067.8933 | EG35: =SUM(X35:Y35,AE35) -> 3716.448 | EJ35: =$P35/V35 -> 0.10722613 | EM35: =V35/1000 -> 15.579757 | EN35: =Z35/1000 -> 6.0292 | EO35: =SUM(X35:Y35,AE35)/1000 -> 3.716448 | EP35: =AK35/1000 -> 1.585 | ET35: =J35/L35 -> 0.17157832 | EW35: =BX35-BT35 -> 3716.448 | EY35: =G35+H35 -> 935 | EZ35: =EY35+R35 -> 936 | FB35: =L35+SUM(S35,AE35,AK35)*FC35 -> 24474.284 | FC35: =L35/SUM(L35,P35) -> 0.90950668 | FE35: =ROUND(L35,-3) -> 17000
B36: 2015 | C36: =L36-J36 -> 19532.2 | D36: =C36-E36 -> 16035.2 | E36: ='Bayesian Sum (10Feb26)'!H31 -> 3497 | G36: ='[1]Data-Nisgaa & Other FN Catch'!BI28 -> 252 | H36: ='[1]Data-SF-FW'!U19 -> 573 | I36: ='Data-Chin-Nisga''a'!N30 -> 3197.8 | J36: =SUM(G36:I36) -> 4022.8 | L36: ='Bayesian Sum (10Feb26)'!K31 -> 23555 | M36: =H36/L36 -> 0.024326045 | N36: ='Data-Coastal-Chin-Esc (new)'!J43 -> 723.37159 | O36: =P36/N36 -> 3.2430144 | P36: ='Data-Coastal-Chin-Esc (new)'!AA43 -> 2345.9045 | R36: =SUM('[1]Data-SF-FW'!C19:H19) -> 16 | S36: ='Data-Chin-Nisga''a'!P30+'Data-Chin-Nisga''a'!Q30+'Data-Chin-Nisga''a'!O30 -> 5136.8281 | T36: =SUM(R36:S36) -> 5152.8281 | U36: =R36/SUM(T36,P36) -> 0.0021336939 | V36: =SUM(P36,C36) -> 21878.104 | X36: =G36 -> 252 | Y36: =SUM(H36,R36) -> 589 | Z36: =SUM(I36,S36) -> 8334.6281 | AA36: =SUM(X36:Z36) -> 9175.6281 | AC36: ='A3.1b CF-tidal-Harvests (Chin)'!G30 -> 2500.872 | AD36: ='A3.1b CF-tidal-Harvests (Chin)'!L30 -> 686 | AE36: =SUM(AC36:AD36) -> 3186.872 | AJ36: =SUM(V36,AA36,AE36) -> 34240.605 | AK36: 2176 | AL36: =SUM(AJ36:AK36) -> 36416.605 | AM36: 2013 | AN36: ='[1]Data-FW Catch Rates - new'!CE30 -> 18778 | AO36: =X36/AN36 -> 0.01341996 | AP36: =RANK(L36,L$13:L$46,1) -> 25 | AR36: =SUM(AE36,AA36,AK36)/AL36 -> 0.39922723 | AS36: =I36/L36 -> 0.13575886 | AT36: =H36/$L36 -> 0.024326045 | AU36: =J36/$L36 -> 0.17078327 | AX36: =Z36/$AL36 -> 0.2288689 | AY36: =AC36/$AL36 -> 0.068673948 | AZ36: =SUM(Y36,AD36)/$AL36 -> 0.035011501 | BA36: =X36/AL36 -> 0.0069199203 | BB36: =SUM(AA36,AE36)/AL36 -> 0.33947427 | BC36: =AK36/AL36 -> 0.059752962 | BD36: =SUM(AA36,AE36,AK36)/AL36 -> 0.39922723 | BG36: ='[1]Data-PSC CH Tables'!C30 -> 18262 | BH36: ='[1]Data-PSC CH Tables'!AG30 -> 32957.436 | BI36: ='[1]Data-PSC CH Tables'!AI30 -> 35133.436 | BK36: =BG36-C36 -> -1270.2 | BL36: =BH36-AJ36 -> -1283.1684 | BM36: =BI36-AL36 -> -1283.1684 | BS36: =AC36 -> 2500.872 | BT36: =Z36 -> 8334.6281 | BU36: =X36 -> 252 | BV36: =AD36 -> 686 | BW36: =Y36 -> 589 | BX36: =SUM(BS36:BW36) -> 12362.5 | BY36: =AJ36 -> 34240.605 | BZ36: =BX36/BY36 -> 0.36104795 | CA36: =SUM(BV36,BS36)/BX36 -> 0.2577854 | CB36: =SUM(BT36:BU36,BW36)/BX36 -> 0.7422146 | CC36: =AK36/(BX36+AK36) -> 0.14967156 | CF36: 32979.928 | CG36: 35155.928 | CH36: =AJ36-CF36 -> 1260.6766 | CI36: =AL36-CG36 -> 1260.6766 | CJ36: 20617.428 | CK36: =V36-CJ36 -> 1260.6766 | CM36: =B36 -> 2015 | CN36: =AJ36 -> 34240.605 | CO36: =IF((CN36-DE$2-CT36)>0, (CN36-DE$2-CT36),0) -> 12050.078 | CP36: =CO36+CT36 -> 19240.605 | CQ36: =V36 -> 21878.104 | CR36: =IF(ROUND(CQ36,-3)>=DE$3,"Y","N") -> Y | CS36: =IF(CQ36>DE$2,"Y","N") -> Y | CT36: =IF(CN36*DB$1>12600,12600,CN36*DB$1) -> 7190.527 | CU36: =IF(CR36="N",0,IF(CS36="N",(BX36-BT36)+CT36,CT36)) -> 7190.527 | CV36: =CX36-CT36-(BX36-CX36) -> -2883.7708 | CX36: =BT36 -> 8334.6281 | CY36: =CX36-CU36 -> 1144.1012 | CZ36: 0.1 | DA36: =IF(CZ36=100%,CY36,CZ36*CT36*-1) -> -719.0527 | DB36: =IF(CX36>CT36,CY36,(IF(CY36*-1>(CT36*CZ36),CT36*CZ36*-1,CY36))) -> 1144.1012 | DD36: =DB36+DD35 -> -12605.719 | DE36: =DB36 -> 1144.1012 | DF36: =IF($DB36>0,$DB36,$DB36*-1) -> 1144.1012 | DH36: =P36/V36 -> 0.10722613 | DS36: =V36 -> 21878.104 | DT36: 19861.298 | DU36: =DT36-DS36 -> -2016.8061 | DW36: =AJ36 -> 34240.605 | DX36: 26393.298 | DY36: =DX36-DW36 -> -7847.3063 | EG36: =SUM(X36:Y36,AE36) -> 4027.872 | EJ36: =$P36/V36 -> 0.10722613 | EM36: =V36/1000 -> 21.878104 | EN36: =Z36/1000 -> 8.3346281 | EO36: =SUM(X36:Y36,AE36)/1000 -> 4.027872 | EP36: =AK36/1000 -> 2.176 | ET36: =J36/L36 -> 0.17078327 | EW36: =BX36-BT36 -> 4027.872 | EY36: =G36+H36 -> 825 | EZ36: =EY36+R36 -> 841 | FB36: =L36+SUM(S36,AE36,AK36)*FC36 -> 33103.718 | FC36: =L36/SUM(L36,P36) -> 0.9094277 | FE36: =ROUND(L36,-3) -> 24000
B37: 2016 | C37: =L37-J37 -> 11020.6 | D37: =C37-E37 -> 9067.6 | E37: ='Bayesian Sum (10Feb26)'!H32 -> 1953 | G37: ='[1]Data-Nisgaa & Other FN Catch'!BI29 -> 114 | H37: ='[1]Data-SF-FW'!U20 -> 339 | I37: ='Data-Chin-Nisga''a'!N31 -> 1524.4 | J37: =SUM(G37:I37) -> 1977.4 | L37: ='Bayesian Sum (10Feb26)'!K32 -> 12998 | M37: =H37/L37 -> 0.026080936 | N37: ='Data-Coastal-Chin-Esc (new)'!J44 -> 0 | O37: NA | P37: ='Data-Coastal-Chin-Esc (new)'!AA44 -> 1323.6233 | R37: =SUM('[1]Data-SF-FW'!C20:H20) -> 2 | S37: ='Data-Chin-Nisga''a'!P31+'Data-Chin-Nisga''a'!Q31+'Data-Chin-Nisga''a'!O31 -> 3893.2 | T37: =SUM(R37:S37) -> 3895.2 | U37: =R37/SUM(T37,P37) -> 0.00038322815 | V37: =SUM(P37,C37) -> 12344.223 | X37: =G37 -> 114 | Y37: =SUM(H37,R37) -> 341 | Z37: =SUM(I37,S37) -> 5417.6 | AA37: =SUM(X37:Z37) -> 5872.6 | AC37: ='A3.1b CF-tidal-Harvests (Chin)'!G31 -> 856.384 | AD37: ='A3.1b CF-tidal-Harvests (Chin)'!L31 -> 764 | AE37: =SUM(AC37:AD37) -> 1620.384 | AJ37: =SUM(V37,AA37,AE37) -> 19837.207 | AK37: 1684 | AL37: =SUM(AJ37:AK37) -> 21521.207 | AM37: 1240 | AN37: ='[1]Data-FW Catch Rates - new'!CE31 -> 9379.1781 | AO37: =X37/AN37 -> 0.012154583 | AP37: =RANK(L37,L$13:L$46,1) -> 8 | AR37: =SUM(AE37,AA37,AK37)/AL37 -> 0.42641585 | AS37: =I37/L37 -> 0.11727958 | AT37: =H37/$L37 -> 0.026080936 | AU37: =J37/$L37 -> 0.1521311 | AX37: =Z37/$AL37 -> 0.25173309 | AY37: =AC37/$AL37 -> 0.039792563 | AZ37: =SUM(Y37,AD37)/$AL37 -> 0.051344703 | BA37: =X37/AL37 -> 0.0052971006 | BB37: =SUM(AA37,AE37)/AL37 -> 0.34816746 | BC37: =AK37/AL37 -> 0.078248398 | BD37: =SUM(AA37,AE37,AK37)/AL37 -> 0.42641585 | BG37: ='[1]Data-PSC CH Tables'!C31 -> 9037.1781 | BH37: ='[1]Data-PSC CH Tables'!AG31 -> 17684.645 | BI37: ='[1]Data-PSC CH Tables'!AI31 -> 19368.645 | BK37: =BG37-C37 -> -1983.4219 | BL37: =BH37-AJ37 -> -2152.5627 | BM37: =BI37-AL37 -> -2152.5627 | BS37: =AC37 -> 856.384 | BT37: =Z37 -> 5417.6 | BU37: =X37 -> 114 | BV37: =AD37 -> 764 | BW37: =Y37 -> 341 | BX37: =SUM(BS37:BW37) -> 7492.984 | BY37: =AJ37 -> 19837.207 | BZ37: =BX37/BY37 -> 0.37772373 | CA37: =SUM(BV37,BS37)/BX37 -> 0.2162535 | CB37: =SUM(BT37:BU37,BW37)/BX37 -> 0.7837465 | CC37: =AK37/(BX37+AK37) -> 0.18350255 | CF37: 17695.775 | CG37: 19379.775 | CH37: =AJ37-CF37 -> 2141.4324 | CI37: =AL37-CG37 -> 2141.4324 | CJ37: 10202.791 | CK37: =V37-CJ37 -> 2141.4324 | CM37: =B37 -> 2016 | CN37: =AJ37 -> 19837.207 | CO37: =IF((CN37-DE$2-CT37)>0, (CN37-DE$2-CT37),0) -> 671.39376 | CP37: =CO37+CT37 -> 4837.2073 | CQ37: =V37 -> 12344.223 | CR37: =IF(ROUND(CQ37,-3)>=DE$3,"Y","N") -> Y | CS37: =IF(CQ37>DE$2,"Y","N") -> N | CT37: =IF(CN37*DB$1>12600,12600,CN37*DB$1) -> 4165.8135 | CU37: =IF(CR37="N",0,IF(CS37="N",(BX37-BT37)+CT37,CT37)) -> 6241.1975 | CV37: =CX37-CT37-(BX37-CX37) -> -823.59753 | CX37: =BT37 -> 5417.6 | CY37: =CX37-CU37 -> -823.59753 | CZ37: 0.1 | DA37: =IF(CZ37=100%,CY37,CZ37*CT37*-1) -> -416.58135 | DB37: =IF(CX37>CT37,CY37,(IF(CY37*-1>(CT37*CZ37),CT37*CZ37*-1,CY37))) -> -823.59753 | DD37: =DB37+DD36 -> -13429.316 | DE37: =DB37 -> -823.59753 | DF37: =IF($DB37>0,$DB37,$DB37*-1) -> 823.59753 | DH37: =P37/V37 -> 0.10722613 | DS37: =V37 -> 12344.223 | DT37: 19861.298 | DU37: =DT37-DS37 -> 7517.0751 | DW37: =AJ37 -> 19837.207 | DX37: 26393.298 | DY37: =DX37-DW37 -> 6556.0911 | EG37: =SUM(X37:Y37,AE37) -> 2075.384 | EJ37: =$P37/V37 -> 0.10722613 | EM37: =V37/1000 -> 12.344223 | EN37: =Z37/1000 -> 5.4176 | EO37: =SUM(X37:Y37,AE37)/1000 -> 2.075384 | EP37: =AK37/1000 -> 1.684 | ET37: =J37/L37 -> 0.1521311 | EW37: =BX37-BT37 -> 2075.384 | EY37: =G37+H37 -> 453 | EZ37: =EY37+R37 -> 455 | FB37: =L37+SUM(S37,AE37,AK37)*FC37 -> 19530.374 | FC37: =L37/SUM(L37,P37) -> 0.90757868 | FE37: =ROUND(L37,-3) -> 13000
B38: 2017 | C38: =L38-J38 -> 5793.8 | D38: =C38-E38 -> 4591.8 | E38: ='Bayesian Sum (10Feb26)'!H33 -> 1202 | G38: ='[1]Data-Nisgaa & Other FN Catch'!BI30 -> 76 | H38: ='[1]Data-SF-FW'!U21 -> 146 | I38: ='Data-Chin-Nisga''a'!N32 -> 1054.2 | J38: =SUM(G38:I38) -> 1276.2 | L38: ='Bayesian Sum (10Feb26)'!K33 -> 7070 | M38: =H38/L38 -> 0.020650636 | N38: ='Data-Coastal-Chin-Esc (new)'!J45 -> 0 | O38: NA | P38: ='Data-Coastal-Chin-Esc (new)'!AA45 -> 695.86126 | R38: =SUM('[1]Data-SF-FW'!C21:H21) -> 53 | S38: ='Data-Chin-Nisga''a'!P32+'Data-Chin-Nisga''a'!Q32+'Data-Chin-Nisga''a'!O32 -> 2633.8 | T38: =SUM(R38:S38) -> 2686.8 | U38: =R38/SUM(T38,P38) -> 0.015668137 | V38: =SUM(P38,C38) -> 6489.6613 | X38: =G38 -> 76 | Y38: =SUM(H38,R38) -> 199 | Z38: =SUM(I38,S38) -> 3688 | AA38: =SUM(X38:Z38) -> 3963 | AC38: ='A3.1b CF-tidal-Harvests (Chin)'!G32 -> 1355.16 | AD38: ='A3.1b CF-tidal-Harvests (Chin)'!L32 -> 776 | AE38: =SUM(AC38:AD38) -> 2131.16 | AJ38: =SUM(V38,AA38,AE38) -> 12583.821 | AK38: 682 | AL38: =SUM(AJ38:AK38) -> 13265.821 | AM38: 325 | AN38: ='[1]Data-FW Catch Rates - new'!CE32 -> 4567.5833 | AO38: =X38/AN38 -> 0.016638996 | AP38: =RANK(L38,L$13:L$46,1) -> 1 | AR38: =SUM(AE38,AA38,AK38)/AL38 -> 0.51079838 | AS38: =I38/L38 -> 0.14910891 | AT38: =H38/$L38 -> 0.020650636 | AU38: =J38/$L38 -> 0.18050919 | AX38: =Z38/$AL38 -> 0.27800767 | AY38: =AC38/$AL38 -> 0.10215425 | AZ38: =SUM(Y38,AD38)/$AL38 -> 0.073497146 | BA38: =X38/AL38 -> 0.0057290083 | BB38: =SUM(AA38,AE38)/AL38 -> 0.45938807 | BC38: =AK38/AL38 -> 0.051410311 | BD38: =SUM(AA38,AE38,AK38)/AL38 -> 0.51079838 | BG38: ='[1]Data-PSC CH Tables'!C32 -> 4419.2475 | BH38: ='[1]Data-PSC CH Tables'!AG32 -> 11077.958 | BI38: ='[1]Data-PSC CH Tables'!AI32 -> 11759.958 | BK38: =BG38-C38 -> -1374.5525 | BL38: =BH38-AJ38 -> -1505.8632 | BM38: =BI38-AL38 -> -1505.8632 | BS38: =AC38 -> 1355.16 | BT38: =Z38 -> 3688 | BU38: =X38 -> 76 | BV38: =AD38 -> 776 | BW38: =Y38 -> 199 | BX38: =SUM(BS38:BW38) -> 6094.16 | BY38: =AJ38 -> 12583.821 | BZ38: =BX38/BY38 -> 0.48428533 | CA38: =SUM(BV38,BS38)/BX38 -> 0.34970529 | CB38: =SUM(BT38:BU38,BW38)/BX38 -> 0.65029471 | CC38: =AK38/(BX38+AK38) -> 0.10064697 | CF38: 11083.401 | CG38: 11765.401 | CH38: =AJ38-CF38 -> 1500.4204 | CI38: =AL38-CG38 -> 1500.4204 | CJ38: 4989.2409 | CK38: =V38-CJ38 -> 1500.4204 | CM38: =B38 -> 2017 | CN38: =AJ38 -> 12583.821 | CO38: =IF((CN38-DE$2-CT38)>0, (CN38-DE$2-CT38),0) -> 0 | CP38: =CO38+CT38 -> 2642.6025 | CQ38: =V38 -> 6489.6613 | CR38: =IF(ROUND(CQ38,-3)>=DE$3,"Y","N") -> N | CS38: =IF(CQ38>DE$2,"Y","N") -> N | CT38: =IF(CN38*DB$1>12600,12600,CN38*DB$1) -> 2642.6025 | CU38: =IF(CR38="N",0,IF(CS38="N",(BX38-BT38)+CT38,CT38)) -> 0 | CV38: =CX38-CT38-(BX38-CX38) -> -1360.7625 | CX38: =BT38 -> 3688 | CY38: =CX38-CU38 -> 3688 | CZ38: 0.1 | DA38: =IF(CZ38=100%,CY38,CZ38*CT38*-1) -> -264.26025 | DB38: =IF(CX38>CT38,CY38,(IF(CY38*-1>(CT38*CZ38),CT38*CZ38*-1,CY38))) -> 3688 | DD38: =DB38+DD37 -> -9741.3161 | DE38: =DB38 -> 3688 | DF38: =IF($DB38>0,$DB38,$DB38*-1) -> 3688 | DH38: =P38/V38 -> 0.10722613 | DS38: =V38 -> 6489.6613 | DT38: 19861.298 | DU38: =DT38-DS38 -> 13371.637 | DW38: =AJ38 -> 12583.821 | DX38: 26393.298 | DY38: =DX38-DW38 -> 13809.477 | EG38: =SUM(X38:Y38,AE38) -> 2406.16 | EJ38: =$P38/V38 -> 0.10722613 | EM38: =V38/1000 -> 6.4896613 | EN38: =Z38/1000 -> 3.688 | EO38: =SUM(X38:Y38,AE38)/1000 -> 2.40616 | EP38: =AK38/1000 -> 0.682 | ET38: =J38/L38 -> 0.18050919 | EW38: =BX38-BT38 -> 2406.16 | EY38: =G38+H38 -> 222 | EZ38: =EY38+R38 -> 275 | FB38: =L38+SUM(S38,AE38,AK38)*FC38 -> 12028.884 | FC38: =L38/SUM(L38,P38) -> 0.91039484 | FE38: =ROUND(L38,-3) -> 7000
B39: 2018 | C39: =L39-J39 -> 17886.501 | D39: =C39-E39 -> 14639.501 | E39: ='Bayesian Sum (10Feb26)'!H34 -> 3247 | G39: ='[1]Data-Nisgaa & Other FN Catch'!BI31 -> 40 | H39: ='Data-Sport-Inriver (CH - new)'!C31 -> 339.09934 | I39: ='Data-Chin-Nisga''a'!N33 -> 1817.4 | J39: =SUM(G39:I39) -> 2196.4993 | L39: ='Bayesian Sum (10Feb26)'!K34 -> 20083 | M39: =H39/L39 -> 0.016884894 | N39: ='Data-Coastal-Chin-Esc (new)'!J46 -> 542.52869 | O39: =P39/N39 -> 3.9596959 | P39: ='Data-Coastal-Chin-Esc (new)'!AA46 -> 2148.2486 | R39: =(SUM(P39,S39)/(1-AVERAGE(U$34:U$38))-SUM(P39,S39)) -> 23.333493 | S39: ='Data-Chin-Nisga''a'!P33+'Data-Chin-Nisga''a'!Q33+'Data-Chin-Nisga''a'!O33 -> 3686.1735 | T39: =SUM(R39:S39) -> 3709.507 | U39: =R39/SUM(T39,P39) -> 0.0039833505 | V39: =SUM(P39,C39) -> 20034.749 | X39: =G39 -> 40 | Y39: =SUM(H39,R39) -> 362.43283 | Z39: =SUM(I39,S39) -> 5503.5735 | AA39: =SUM(X39:Z39) -> 5906.0063 | AC39: ='A3.1b CF-tidal-Harvests (Chin)'!G33 -> 353.64 | AD39: ='A3.1b CF-tidal-Harvests (Chin)'!L33 -> 237 | AE39: =SUM(AC39:AD39) -> 590.64 | AJ39: =SUM(V39,AA39,AE39) -> 26531.396 | AK39: =HLOOKUP($B39,AZ$57:BF$64,7,FALSE) -> 1268.7748 | AL39: =SUM(AJ39:AK39) -> 27800.17 | AM39: 697 | AN39: ='[1]Data-FW Catch Rates - new'!CE33 -> 14639.501 | AO39: =X39/AN39 -> 0.0027323336 | AP39: =RANK(L39,L$13:L$46,1) -> 20 | AR39: =SUM(AE39,AA39,AK39)/AL39 -> 0.27932998 | AS39: =I39/L39 -> 0.090494448 | AT39: =H39/$L39 -> 0.016884894 | AU39: =J39/$L39 -> 0.10937108 | AX39: =Z39/$AL39 -> 0.19796905 | AY39: =AC39/$AL39 -> 0.012720785 | AZ39: =SUM(Y39,AD39)/$AL39 -> 0.0215622 | BA39: =X39/AL39 -> 0.0014388401 | BB39: =SUM(AA39,AE39)/AL39 -> 0.23369088 | BC39: =BC$53 -> 0.045639101 | BD39: =SUM(AA39,AE39,AK39)/AL39 -> 0.27932998 | BG39: ='[1]Data-PSC CH Tables'!C33 -> 14470 | BH39: ='[1]Data-PSC CH Tables'!AG33 -> 22814.743 | BI39: ='[1]Data-PSC CH Tables'!AI33 -> 23972.76 | BK39: =BG39-C39 -> -3416.5007 | BL39: =BH39-AJ39 -> -3716.6524 | BM39: =BI39-AL39 -> -3827.4106 | BS39: =AC39 -> 353.64 | BT39: =Z39 -> 5503.5735 | BU39: =X39 -> 40 | BV39: =AD39 -> 237 | BW39: =Y39 -> 362.43283 | BX39: =SUM(BS39:BW39) -> 6496.6463 | BY39: =AJ39 -> 26531.396 | BZ39: =BX39/BY39 -> 0.24486636 | CA39: =SUM(BV39,BS39)/BX39 -> 0.0909146 | CB39: =SUM(BT39:BU39,BW39)/BX39 -> 0.9090854 | CC39: =AK39/(BX39+AK39) -> 0.16338776 | CF39: 22832.598 | CG39: 23990.769 | CH39: =AJ39-CF39 -> 3698.7973 | CI39: =AL39-CG39 -> 3809.401 | CJ39: 16336.337 | CK39: =V39-CJ39 -> 3698.4126 | CM39: =B39 -> 2018 | CN39: =AJ39 -> 26531.396 | CO39: =IF((CN39-DE$2-CT39)>0, (CN39-DE$2-CT39),0) -> 5959.8025 | CP39: =CO39+CT39 -> 11531.396 | CQ39: =V39 -> 20034.749 | CR39: =IF(ROUND(CQ39,-3)>=DE$3,"Y","N") -> Y | CS39: =IF(CQ39>DE$2,"Y","N") -> Y | CT39: =IF(CN39*DB$1>12600,12600,CN39*DB$1) -> 5571.5931 | CU39: =IF(CR39="N",0,IF(CS39="N",(BX39-BT39)+CT39,CT39)) -> 5571.5931 | CV39: =CX39-CT39-(BX39-CX39) -> -1061.0924 | CX39: =BT39 -> 5503.5735 | CY39: =CX39-CU39 -> -68.019616 | CZ39: 0.1 | DA39: =IF(CZ39=100%,CY39,CZ39*CT39*-1) -> -557.15931 | DB39: =IF(CX39>CT39,CY39,(IF(CY39*-1>(CT39*CZ39),CT39*CZ39*-1,CY39))) -> -68.019616 | DD39: =DB39+DD38 -> -9809.3357 | DE39: =DB39 -> -68.019616 | DF39: =IF($DB39>0,$DB39,$DB39*-1) -> 68.019616 | DH39: =P39/V39 -> 0.10722613 | DS39: =V39 -> 20034.749 | DT39: 19861.298 | DU39: =DT39-DS39 -> -173.45094 | DW39: =AJ39 -> 26531.396 | DX39: 26393.298 | DY39: =DX39-DW39 -> -138.09723 | EG39: =SUM(X39:Y39,AE39) -> 993.07283 | EJ39: =$P39/V39 -> 0.10722613 | EM39: =V39/1000 -> 20.034749 | EN39: =Z39/1000 -> 5.5035735 | EO39: =SUM(X39:Y39,AE39)/1000 -> 0.99307283 | EP39: =AK39/1000 -> 1.2687748 | ET39: =J39/L39 -> 0.10937108 | EW39: =BX39-BT39 -> 993.07283 | EY39: =G39+H39 -> 379.09934 | EZ39: =EY39+R39 -> 402.43283 | FB39: =L39+SUM(S39,AE39,AK39)*FC39 -> 25092.707 | FC39: =L39/SUM(L39,P39) -> 0.90336806 | FE39: =ROUND(L39,-3) -> 20000
B40: 2019 | C40: =L40-J40 -> 11713.507 | D40: =C40-E40 -> 9264.507 | E40: ='Bayesian Sum (10Feb26)'!H35 -> 2449 | G40: ='[1]Data-Nisgaa & Other FN Catch'!BI32 -> 110 | H40: ='Data-Sport-Inriver (CH - new)'!C32 -> 252.29298 | I40: ='Data-Chin-Nisga''a'!N34 -> 2242.2 | J40: =SUM(G40:I40) -> 2604.493 | L40: ='Bayesian Sum (10Feb26)'!K35 -> 14318 | M40: =H40/L40 -> 0.017620686 | N40: ='Data-Coastal-Chin-Esc (new)'!J47 -> 1001.9674 | O40: =P40/N40 -> 1.4040821 | P40: ='Data-Coastal-Chin-Esc (new)'!AA47 -> 1406.8445 | R40: =(SUM(P40,S40)/(1-AVERAGE(U$34:U$38))-SUM(P40,S40)) -> 23.381512 | S40: ='Data-Chin-Nisga''a'!P34+'Data-Chin-Nisga''a'!Q34+'Data-Chin-Nisga''a'!O34 -> 4439.5844 | T40: =SUM(R40:S40) -> 4462.9659 | U40: =R40/SUM(T40,P40) -> 0.0039833505 | V40: =SUM(P40,C40) -> 13120.352 | X40: =G40 -> 110 | Y40: =SUM(H40,R40) -> 275.67449 | Z40: =SUM(I40,S40) -> 6681.7844 | AA40: =SUM(X40:Z40) -> 7067.4589 | AC40: ='A3.1b CF-tidal-Harvests (Chin)'!G34 -> 364.872 | AD40: ='A3.1b CF-tidal-Harvests (Chin)'!L34 -> 879 | AE40: =SUM(AC40:AD40) -> 1243.872 | AJ40: =SUM(V40,AA40,AE40) -> 21431.682 | AK40: =HLOOKUP($B40,AZ$57:BF$64,7,FALSE) -> 1024.8982 | AL40: =SUM(AJ40:AK40) -> 22456.581 | AM40: 681 | AN40: ='[1]Data-FW Catch Rates - new'!CE34 -> 9264.507 | AO40: =AVERAGE(AO35:AO39) -> 0.010197837 | AP40: =RANK(L40,L$13:L$46,1) -> 10 | AR40: =SUM(AE40,AA40,AK40)/AL40 -> 0.4157458 | AS40: =I40/L40 -> 0.15660008 | AT40: =H40/$L40 -> 0.017620686 | AU40: =J40/$L40 -> 0.18190341 | AX40: =Z40/$AL40 -> 0.29754238 | AY40: =AC40/$AL40 -> 0.016247888 | AZ40: =SUM(Y40,AD40)/$AL40 -> 0.05141809 | BA40: =X40/AL40 -> 0.0048983415 | BB40: =SUM(AA40,AE40)/AL40 -> 0.3701067 | BC40: =BC$53 -> 0.045639101 | BD40: =SUM(AA40,AE40,AK40)/AL40 -> 0.4157458 | BG40: ='[1]Data-PSC CH Tables'!C34 -> 10492.571 | BH40: ='[1]Data-PSC CH Tables'!AG34 -> 20144.857 | BI40: ='[1]Data-PSC CH Tables'!AI34 -> 21167.357 | BK40: =BG40-C40 -> -1220.9356 | BL40: =BH40-AJ40 -> -1286.8255 | BM40: =BI40-AL40 -> -1289.2236 | BS40: =AC40 -> 364.872 | BT40: =Z40 -> 6681.7844 | BU40: =X40 -> 110 | BV40: =AD40 -> 879 | BW40: =Y40 -> 275.67449 | BX40: =SUM(BS40:BW40) -> 8311.3309 | BY40: =AJ40 -> 21431.682 | BZ40: =BX40/BY40 -> 0.38780581 | CA40: =SUM(BV40,BS40)/BX40 -> 0.14965979 | CB40: =SUM(BT40:BU40,BW40)/BX40 -> 0.85034021 | CC40: =AK40/(BX40+AK40) -> 0.10977646 | CF40: 20157.79 | CG40: 21180.283 | CH40: =AJ40-CF40 -> 1273.8922 | CI40: =AL40-CG40 -> 1276.2975 | CJ40: 11845.9 | CK40: =V40-CJ40 -> 1274.4511 | CM40: =B40 -> 2019 | CN40: =AJ40 -> 21431.682 | CO40: =IF((CN40-DE$2-CT40)>0, (CN40-DE$2-CT40),0) -> 1931.0291 | CP40: =CO40+CT40 -> 6431.6824 | CQ40: =V40 -> 13120.352 | CR40: =IF(ROUND(CQ40,-3)>=DE$3,"Y","N") -> Y | CS40: =IF(CQ40>DE$2,"Y","N") -> N | CT40: =IF(CN40*DB$1>12600,12600,CN40*DB$1) -> 4500.6533 | CU40: =IF(CR40="N",0,IF(CS40="N",(BX40-BT40)+CT40,CT40)) -> 6130.1998 | CV40: =CX40-CT40-(BX40-CX40) -> 551.58459 | CX40: =BT40 -> 6681.7844 | CY40: =CX40-CU40 -> 551.58459 | CZ40: 0.1 | DA40: =IF(CZ40=100%,CY40,CZ40*CT40*-1) -> -450.06533 | DB40: =IF(CX40>CT40,CY40,(IF(CY40*-1>(CT40*CZ40),CT40*CZ40*-1,CY40))) -> 551.58459 | DD40: =DB40+DD39 -> -9257.7511 | DE40: =DB40 -> 551.58459 | DF40: =IF($DB40>0,$DB40,$DB40*-1) -> 551.58459 | DH40: =P40/V40 -> 0.10722613 | DS40: =V40 -> 13120.352 | DT40: 19861.298 | DU40: =DT40-DS40 -> 6740.9468 | DW40: =AJ40 -> 21431.682 | DX40: 26393.298 | DY40: =DX40-DW40 -> 4961.6159 | EG40: =SUM(X40:Y40,AE40) -> 1629.5465 | EJ40: =$P40/V40 -> 0.10722613 | EM40: =V40/1000 -> 13.120352 | EN40: =Z40/1000 -> 6.6817844 | EO40: =SUM(X40:Y40,AE40)/1000 -> 1.6295465 | EP40: =AK40/1000 -> 1.0248982 | ET40: =J40/L40 -> 0.18190341 | EW40: =BX40-BT40 -> 1629.5465 | EY40: =G40+H40 -> 362.29298 | EZ40: =EY40+R40 -> 385.67449 | FB40: =L40+SUM(S40,AE40,AK40)*FC40 -> 20426.183 | FC40: =L40/SUM(L40,P40) -> 0.91053365 | FE40: =ROUND(L40,-3) -> 14000
B41: 2020 | C41: =L41-J41 -> 12828.598 | D41: =C41-E41 -> 10238.598 | E41: ='Bayesian Sum (10Feb26)'!H36 -> 2590 | G41: ='[1]Data-Nisgaa & Other FN Catch'!BI33 -> 266 | H41: ='Data-Sport-Inriver (CH - new)'!C33 -> 229.60246 | I41: ='Data-Chin-Nisga''a'!N35 -> 1984.8 | J41: =SUM(G41:I41) -> 2480.4025 | L41: ='Bayesian Sum (10Feb26)'!K36 -> 15309 | M41: =H41/L41 -> 0.014997875 | N41: ='Data-Coastal-Chin-Esc (new)'!J48 -> 870.64279 | O41: =P41/N41 -> 1.7696946 | P41: ='Data-Coastal-Chin-Esc (new)'!AA48 -> 1540.7719 | R41: =(SUM(P41,S41)/(1-AVERAGE(U$34:U$38))-SUM(P41,S41)) -> 20.529797 | S41: ='Data-Chin-Nisga''a'!P35+'Data-Chin-Nisga''a'!Q35+'Data-Chin-Nisga''a'!O35 -> 3592.6 | T41: =SUM(R41:S41) -> 3613.1298 | U41: =R41/SUM(T41,P41) -> 0.0039833505 | V41: =SUM(P41,C41) -> 14369.369 | X41: =G41 -> 266 | Y41: =SUM(H41,R41) -> 250.13226 | Z41: =SUM(I41,S41) -> 5577.4 | AA41: =SUM(X41:Z41) -> 6093.5323 | AC41: ='A3.1b CF-tidal-Harvests (Chin)'!G35 -> 138.28 | AD41: ='A3.1b CF-tidal-Harvests (Chin)'!L35 -> 330 | AE41: =SUM(AC41:AD41) -> 468.28 | AJ41: =SUM(V41,AA41,AE41) -> 20931.182 | AK41: =HLOOKUP($B41,AZ$57:BF$64,7,FALSE) -> 1000.9634 | AL41: =SUM(AJ41:AK41) -> 21932.145 | AM41: 505 | AN41: ='[1]Data-FW Catch Rates - new'!CE35 -> 10238.598 | AO41: =AVERAGE(AO36:AO40) -> 0.011028742 | AP41: =RANK(L41,L$13:L$46,1) -> 13 | AR41: =SUM(AE41,AA41,AK41)/AL41 -> 0.34482608 | AS41: =I41/L41 -> 0.12964923 | AT41: =H41/$L41 -> 0.014997875 | AU41: =J41/$L41 -> 0.1620225 | AX41: =Z41/$AL41 -> 0.25430253 | AY41: =AC41/$AL41 -> 0.0063049008 | AZ41: =SUM(Y41,AD41)/$AL41 -> 0.026451232 | BA41: =X41/AL41 -> 0.012128317 | BB41: =SUM(AA41,AE41)/AL41 -> 0.29918698 | BC41: =BC$53 -> 0.045639101 | BD41: =SUM(AA41,AE41,AK41)/AL41 -> 0.34482608 | BG41: ='[1]Data-PSC CH Tables'!C35 -> 12265.648 | BH41: ='[1]Data-PSC CH Tables'!AG35 -> 20765.727 | BI41: ='[1]Data-PSC CH Tables'!AI35 -> 21819.74 | BK41: =BG41-C41 -> -562.94923 | BL41: =BH41-AJ41 -> -165.45501 | BM41: =BI41-AL41 -> -112.40457 | BS41: =AC41 -> 138.28 | BT41: =Z41 -> 5577.4 | BU41: =X41 -> 266 | BV41: =AD41 -> 330 | BW41: =Y41 -> 250.13226 | BX41: =SUM(BS41:BW41) -> 6561.8123 | BY41: =AJ41 -> 20931.182 | BZ41: =BX41/BY41 -> 0.31349459 | CA41: =SUM(BV41,BS41)/BX41 -> 0.071364431 | CB41: =SUM(BT41:BU41,BW41)/BX41 -> 0.92863557 | CC41: =AK41/(BX41+AK41) -> 0.13235397 | CF41: 20410.336 | CG41: 21445.639 | CH41: =AJ41-CF41 -> 520.84564 | CI41: =AL41-CG41 -> 486.50588 | CJ41: 13847.668 | CK41: =V41-CJ41 -> 521.70108 | CM41: =B41 -> 2020 | CN41: =AJ41 -> 20931.182 | CO41: =IF((CN41-DE$2-CT41)>0, (CN41-DE$2-CT41),0) -> 1535.6335 | CP41: =CO41+CT41 -> 5931.1817 | CQ41: =V41 -> 14369.369 | CR41: =IF(ROUND(CQ41,-3)>=DE$3,"Y","N") -> Y | CS41: =IF(CQ41>DE$2,"Y","N") -> N | CT41: =IF(CN41*DB$1>12600,12600,CN41*DB$1) -> 4395.5482 | CU41: =IF(CR41="N",0,IF(CS41="N",(BX41-BT41)+CT41,CT41)) -> 5379.9604 | CV41: =CX41-CT41-(BX41-CX41) -> 197.43959 | CX41: =BT41 -> 5577.4 | CY41: =CX41-CU41 -> 197.43959 | CZ41: 0.1 | DA41: =IF(CZ41=100%,CY41,CZ41*CT41*-1) -> -439.55482 | DB41: =IF(CX41>CT41,CY41,(IF(CY41*-1>(CT41*CZ41),CT41*CZ41*-1,CY41))) -> 197.43959 | DD41: =DB41+DD40 -> -9060.3115 | DE41: =DB41 -> 197.43959 | DF41: =IF($DB41>0,$DB41,$DB41*-1) -> 197.43959 | DH41: =P41/V41 -> 0.10722613 | DS41: =V41 -> 14369.369 | DT41: 19861.298 | DU41: =DT41-DS41 -> 5491.9289 | DW41: =AJ41 -> 20931.182 | DX41: 26393.298 | DY41: =DX41-DW41 -> 5462.1167 | EG41: =SUM(X41:Y41,AE41) -> 984.41226 | EJ41: =$P41/V41 -> 0.10722613 | EM41: =V41/1000 -> 14.369369 | EN41: =Z41/1000 -> 5.5774 | EO41: =SUM(X41:Y41,AE41)/1000 -> 0.98441226 | EP41: =AK41/1000 -> 1.0009634 | ET41: =J41/L41 -> 0.1620225 | EW41: =BX41-BT41 -> 984.41226 | EY41: =#REF!+H41 -> #REF! | EZ41: =EY41+R41 -> #REF! | FB41: =L41+SUM(S41,AE41,AK41)*FC41 -> 19907.98 | FC41: =L41/SUM(L41,P41) -> 0.90855829 | FE41: =ROUND(L41,-3) -> 15000
B42: 2021 | C42: =L42-J42 -> 11766.207 | D42: =C42-E42 -> 10134.207 | E42: ='Bayesian Sum (10Feb26)'!H37 -> 1632 | G42: ='[1]Data-Nisgaa & Other FN Catch'!BI34 -> 299 | H42: ='Data-Sport-Inriver (CH - new)'!C34 -> 250.79253 | I42: ='Data-Chin-Nisga''a'!N36 -> 1064 | J42: =SUM(G42:I42) -> 1613.7925 | L42: ='Bayesian Sum (10Feb26)'!K37 -> 13380 | M42: =H42/L42 -> 0.018743837 | N42: ='Data-Coastal-Chin-Esc (new)'!J49 -> 737.44744 | O42: =P42/N42 -> 1.9163048 | P42: ='Data-Coastal-Chin-Esc (new)'!AA49 -> 1413.1741 | R42: =(SUM(P42,S42)/(1-AVERAGE(U$34:U$38))-SUM(P42,S42)) -> 23.697236 | S42: ='Data-Chin-Nisga''a'!P36+'Data-Chin-Nisga''a'!Q36+'Data-Chin-Nisga''a'!O36 -> 4512.2 | T42: =SUM(R42:S42) -> 4535.8972 | U42: =R42/SUM(T42,P42) -> 0.0039833505 | V42: =SUM(P42,C42) -> 13179.382 | X42: =G42 -> 299 | Y42: =SUM(H42,R42) -> 274.48977 | Z42: =SUM(I42,S42) -> 5576.2 | AA42: =SUM(X42:Z42) -> 6149.6898 | AC42: ='A3.1b CF-tidal-Harvests (Chin)'!G36 -> 21.656 | AD42: ='A3.1b CF-tidal-Harvests (Chin)'!L36 -> 379 | AE42: =SUM(AC42:AD42) -> 400.656 | AJ42: =SUM(V42,AA42,AE42) -> 19729.727 | AK42: =HLOOKUP($B42,AZ$57:BF$64,7,FALSE) -> 943.50787 | AL42: =SUM(AJ42:AK42) -> 20673.235 | AM42: 914 | AN42: ='[1]Data-FW Catch Rates - new'!CE36 -> 10134.207 | AO42: =AVERAGE(AO37:AO41) -> 0.010550498 | AP42: =RANK(L42,L$13:L$46,1) -> 9 | AR42: =SUM(AE42,AA42,AK42)/AL42 -> 0.36249061 | AS42: =I42/L42 -> 0.079521674 | AT42: =H42/$L42 -> 0.018743837 | AU42: =J42/$L42 -> 0.1206123 | AX42: =Z42/$AL42 -> 0.2697304 | AY42: =AC42/$AL42 -> 0.001047538 | AZ42: =SUM(Y42,AD42)/$AL42 -> 0.031610426 | BA42: =X42/AL42 -> 0.014463145 | BB42: =SUM(AA42,AE42)/AL42 -> 0.31685151 | BC42: =BC$53 -> 0.045639101 | BD42: =SUM(AA42,AE42,AK42)/AL42 -> 0.36249061 | BG42: ='[1]Data-PSC CH Tables'!C36 -> 11249.868 | BH42: ='[1]Data-PSC CH Tables'!AG36 -> 19510.675 | BI42: ='[1]Data-PSC CH Tables'!AI36 -> 20500.985 | BK42: =BG42-C42 -> -516.33969 | BL42: =BH42-AJ42 -> -219.05255 | BM42: =BI42-AL42 -> -172.24974 | BS42: =AC42 -> 21.656 | BT42: =Z42 -> 5576.2 | BU42: =X42 -> 299 | BV42: =AD42 -> 379 | BW42: =Y42 -> 274.48977 | BX42: =SUM(BS42:BW42) -> 6550.3458 | BY42: =AJ42 -> 19729.727 | BZ42: =BX42/BY42 -> 0.33200387 | CA42: =SUM(BV42,BS42)/BX42 -> 0.061165626 | CB42: =SUM(BT42:BU42,BW42)/BX42 -> 0.93883437 | CC42: =AK42/(BX42+AK42) -> 0.12590423 | CF42: 19252.165 | CG42: 20228.721 | CH42: =AJ42-CF42 -> 477.56212 | CI42: =AL42-CG42 -> 444.51443 | CJ42: 12700.873 | CK42: =V42-CJ42 -> 478.50885 | CM42: =B42 -> 2021 | CN42: =AJ42 -> 19729.727 | CO42: =IF((CN42-DE$2-CT42)>0, (CN42-DE$2-CT42),0) -> 586.48458 | CP42: =CO42+CT42 -> 4729.7273 | CQ42: =V42 -> 13179.382 | CR42: =IF(ROUND(CQ42,-3)>=DE$3,"Y","N") -> Y | CS42: =IF(CQ42>DE$2,"Y","N") -> N | CT42: =IF(CN42*DB$1>12600,12600,CN42*DB$1) -> 4143.2427 | CU42: =IF(CR42="N",0,IF(CS42="N",(BX42-BT42)+CT42,CT42)) -> 5117.3885 | CV42: =CX42-CT42-(BX42-CX42) -> 458.81149 | CX42: =BT42 -> 5576.2 | CY42: =CX42-CU42 -> 458.81149 | CZ42: 0.1 | DA42: =IF(CZ42=100%,CY42,CZ42*CT42*-1) -> -414.32427 | DB42: =IF(CX42>CT42,CY42,(IF(CY42*-1>(CT42*CZ42),CT42*CZ42*-1,CY42))) -> 458.81149 | DD42: =DB42+DD41 -> -8601.5 | DE42: =DB42 -> 458.81149 | DF42: =IF($DB42>0,$DB42,$DB42*-1) -> 458.81149 | DH42: =P42/V42 -> 0.10722613 | DS42: =V42 -> 13179.382 | DT42: 19861.298 | DU42: =DT42-DS42 -> 6681.9168 | DW42: =AJ42 -> 19729.727 | DX42: 26393.298 | DY42: =DX42-DW42 -> 6663.571 | EG42: =SUM(X42:Y42,AE42) -> 974.14577 | EJ42: =$P42/V42 -> 0.10722613 | EM42: =V42/1000 -> 13.179382 | EN42: =Z42/1000 -> 5.5762 | EO42: =SUM(X42:Y42,AE42)/1000 -> 0.97414577 | EP42: =AK42/1000 -> 0.94350787 | ET42: =J42/L42 -> 0.1206123 | EW42: =BX42-BT42 -> 974.14577 | EY42: =G41+H42 -> 516.79253 | EZ42: =EY42+R42 -> 540.48977 | FB42: =L42+SUM(S42,AE42,AK42)*FC42 -> 18676.912 | FC42: =L42/SUM(L42,P42) -> 0.90447121 | FE42: =ROUND(L42,-3) -> 13000
B43: 2022 | C43: =L43-J43 -> 14410.16 | D43: =C43-E43 -> 12027.16 | E43: ='Bayesian Sum (10Feb26)'!H38 -> 2383 | G43: ='[1]Data-Nisgaa & Other FN Catch'!BI35 -> 38 | H43: ='Data-Sport-Inriver (CH - new)'!C35 -> 265.03951 | I43: ='Data-Chin-Nisga''a'!N37 -> 1347.8 | J43: =SUM(G43:I43) -> 1650.8395 | L43: ='Bayesian Sum (10Feb26)'!K38 -> 16061 | M43: =H43/L43 -> 0.016502055 | N43: ='Data-Coastal-Chin-Esc (new)'!J50 -> 8762.9334 | O43: =P43/N43 -> 0.46847787 | P43: ='Data-Coastal-Chin-Esc (new)'!AA50 -> 4105.2404 | R43: =(SUM(P43,S43)/(1-AVERAGE(U$34:U$38))-SUM(P43,S43)) -> 26.481801 | S43: ='Data-Chin-Nisga''a'!P37+'Data-Chin-Nisga''a'!Q37+'Data-Chin-Nisga''a'!O37 -> 2516.4 | T43: =SUM(R43:S43) -> 2542.8818 | U43: =R43/SUM(T43,P43) -> 0.0039833505 | V43: =SUM(P43,C43) -> 18515.401 | X43: =G43 -> 38 | Y43: =SUM(H43,R43) -> 291.52131 | Z43: =SUM(I43,S43) -> 3864.2 | AA43: =SUM(X43:Z43) -> 4193.7213 | AC43: ='A3.1b CF-tidal-Harvests (Chin)'!G37 -> 72.824 | AD43: ='A3.1b CF-tidal-Harvests (Chin)'!L37 -> 291 | AE43: =SUM(AC43:AD43) -> 363.824 | AJ43: =SUM(V43,AA43,AE43) -> 23072.946 | AK43: =HLOOKUP($B43,AZ$57:BF$64,7,FALSE) -> 1103.3861 | AL43: =SUM(AJ43:AK43) -> 24176.332 | AN43: ='[1]Data-FW Catch Rates - new'!CE37 -> 12027.16 | AO43: =AVERAGE(AO38:AO42) -> 0.010229681 | AP43: =RANK(L43,L$13:L$46,1) -> 14 | AR43: =SUM(AE43,AA43,AK43)/AL43 -> 0.23415179 | AS43: =I43/L43 -> 0.083917564 | AT43: =H43/$L43 -> 0.016502055 | AU43: =J43/$L43 -> 0.1027856 | AX43: =Z43/$AL43 -> 0.159834 | AY43: =AC43/$AL43 -> 0.0030122021 | AZ43: =SUM(Y43,AD43)/$AL43 -> 0.024094693 | BA43: =X43/AL43 -> 0.0015717851 | BB43: =SUM(AA43,AE43)/AL43 -> 0.18851269 | BC43: =BC$53 -> 0.045639101 | BD43: =SUM(AA43,AE43,AK43)/AL43 -> 0.23415179 | BG43: ='[1]Data-PSC CH Tables'!C37 -> 13408.493 | BH43: ='[1]Data-PSC CH Tables'!AG37 -> 22857.041 | BI43: ='[1]Data-PSC CH Tables'!AI37 -> 24017.204 | BK43: =BG43-C43 -> -1001.6671 | BL43: =BH43-AJ43 -> -215.90523 | BM43: =BI43-AL43 -> -159.12785 | BS43: =AC43 -> 72.824 | BT43: =Z43 -> 3864.2 | BU43: =X43 -> 38 | BV43: =AD43 -> 291 | BW43: =Y43 -> 291.52131 | BX43: =SUM(BS43:BW43) -> 4557.5453 | BY43: =AJ43 -> 23072.946 | BZ43: =BX43/BY43 -> 0.19752767 | CA43: =SUM(BV43,BS43)/BX43 -> 0.079828938 | CB43: =SUM(BT43:BU43,BW43)/BX43 -> 0.92017106 | CC43: =AK43/(BX43+AK43) -> 0.19491246 | CF43: 21690.646 | CG43: 22790.892 | CH43: =AJ43-CF43 -> 1382.3001 | CI43: =AL43-CG43 -> 1385.44 | CJ43: 17133.788 | CK43: =V43-CJ43 -> 1381.6132 | CM43: =B43 -> 2022 | CN43: =AJ43 -> 23072.946 | CO43: =IF((CN43-DE$2-CT43)>0, (CN43-DE$2-CT43),0) -> 3227.6275 | CP43: =CO43+CT43 -> 8072.9462 | CQ43: =V43 -> 18515.401 | CR43: =IF(ROUND(CQ43,-3)>=DE$3,"Y","N") -> Y | CS43: =IF(CQ43>DE$2,"Y","N") -> Y | CT43: =IF(CN43*DB$1>12600,12600,CN43*DB$1) -> 4845.3187 | CU43: =IF(CR43="N",0,IF(CS43="N",(BX43-BT43)+CT43,CT43)) -> 4845.3187 | CV43: =CX43-CT43-(BX43-CX43) -> -1674.464 | CX43: =BT43 -> 3864.2 | CY43: =CX43-CU43 -> -981.1187 | CZ43: 0.1 | DA43: =IF(CZ43=100%,CY43,CZ43*CT43*-1) -> -484.53187 | DB43: =IF(CX43>CT43,CY43,(IF(CY43*-1>(CT43*CZ43),CT43*CZ43*-1,CY43))) -> -484.53187 | DD43: =DB43+DD42 -> -9086.0319 | DE43: =DB43 -> -484.53187 | DF43: =IF($DB43>0,$DB43,$DB43*-1) -> 484.53187 | DH43: =P43/V43 -> 0.22172031
B44: 2023 | C44: =L44-J44 -> 9758.9535 | D44: =C44-E44 -> 7850.9535 | E44: ='Bayesian Sum (10Feb26)'!H39 -> 1908 | G44: ='[1]Data-Nisgaa & Other FN Catch'!BI36 -> 66 | H44: ='Data-Sport-Inriver (CH - new)'!C36 -> 193.24647 | I44: ='Data-Chin-Nisga''a'!N38 -> 1587.8 | J44: =SUM(G44:I44) -> 1847.0465 | L44: ='Bayesian Sum (10Feb26)'!K39 -> 11606 | M44: 0.015802619 | N44: ='Data-Coastal-Chin-Esc (new)'!J51 -> 946.07674 | O44: 3.4938163 | P44: ='Data-Coastal-Chin-Esc (new)'!AA51 -> 2207.5071 | R44: =(SUM(P44,S44)/(1-AVERAGE(U$34:U$38))-SUM(P44,S44)) -> 15.404859 | S44: 1644.4 | T44: 1664.144 | U44: 0.0041226614 | V44: =SUM(P44,C44) -> 11966.461 | X44: =G44 -> 66 | Y44: =SUM(H44,R44) -> 208.65133 | Z44: =SUM(I44,S44) -> 3232.2 | AA44: =SUM(X44:Z44) -> 3506.8513 | AC44: ='A3.1b CF-tidal-Harvests (Chin)'!G38 -> 69.688 | AD44: ='A3.1b CF-tidal-Harvests (Chin)'!L38 -> 263 | AE44: =SUM(AC44:AD44) -> 332.688 | AJ44: =SUM(V44,AA44,AE44) -> 15806 | AK44: =HLOOKUP($B44,AZ$57:BF$64,7,FALSE) -> 755.86881 | AL44: =SUM(AJ44:AK44) -> 16561.869 | AN44: ='[1]Data-FW Catch Rates - new'!CE38 -> 7850.9535 | AO44: =AVERAGE(AO40:AO43) -> 0.010501689 | AP44: =RANK(L44,L$13:L$46,1) -> 4 | AR44: =SUM(AE44,AA44,AK44)/AL44 -> 0.27746918 | AS44: =I44/L44 -> 0.13680855 | AT44: =H44/$L44 -> 0.016650566 | AU44: =J44/$L44 -> 0.15914583 | AX44: =Z44/$AL44 -> 0.19515914 | AY44: =AC44/$AL44 -> 0.0042077377 | AZ44: =SUM(Y44,AD44)/$AL44 -> 0.028478147 | BA44: =X44/AL44 -> 0.0039850575 | BB44: =SUM(AA44,AE44)/AL44 -> 0.23183008 | BC44: =BC$53 -> 0.045639101 | BD44: =SUM(AA44,AE44,AK44)/AL44 -> 0.27746918 | BG44: ='[1]Data-PSC CH Tables'!C38 -> 10376 | BH44: ='[1]Data-PSC CH Tables'!AG38 -> 17521.201 | BI44: ='[1]Data-PSC CH Tables'!AI38 -> 18410.201 | BK44: -32.82595 | BL44: 337.86489 | BM44: 355.01402 | BS44: =AC44 -> 69.688 | BT44: =Z44 -> 3232.2 | BU44: =X44 -> 66 | BV44: =AD44 -> 263 | BW44: =Y44 -> 208.65133 | BX44: =SUM(BS44:BW44) -> 3839.5393 | BY44: =AJ44 -> 15806 | BZ44: =BX44/BY44 -> 0.24291657 | CA44: =SUM(BV44,BS44)/BX44 -> 0.086647895 | CB44: =SUM(BT44:BU44,BW44)/BX44 -> 0.91335211 | CC44: =AK44/(BX44+AK44) -> 0.1644835 | CF44: 16423.387 | CG44: 17256.454 | CH44: =AJ44-CF44 -> -617.38685 | CI44: =AL44-CG44 -> -694.58537 | CJ44: 12583.333 | CK44: =V44-CJ44 -> -616.87242 | CM44: =B44 -> 2023 | CN44: =AJ44 -> 15806 | CO44: =IF((CN44-DE$2-CT44)>0, (CN44-DE$2-CT44),0) -> 0 | CP44: =CO44+CT44 -> 3319.26 | CQ44: =V44 -> 11966.461 | CR44: =IF(ROUND(CQ44,-3)>=DE$3,"Y","N") -> Y | CS44: =IF(CQ44>DE$2,"Y","N") -> N | CT44: =IF(CN44*DB$1>12600,12600,CN44*DB$1) -> 3319.26 | CU44: =IF(CR44="N",0,IF(CS44="N",(BX44-BT44)+CT44,CT44)) -> 3926.5993 | CV44: =CX44-CT44-(BX44-CX44) -> -694.39933 | CX44: =BT44 -> 3232.2 | CY44: =CX44-CU44 -> -694.39933 | CZ44: 0.1 | DA44: =IF(CZ44=100%,CY44,CZ44*CT44*-1) -> -331.926 | DB44: =IF(CX44>CT44,CY44,(IF(CY44*-1>(CT44*CZ44),CT44*CZ44*-1,CY44))) -> -331.926 | DD44: =DB44+DD43 -> -9417.9579 | DE44: =DB44 -> -331.926 | DF44: =IF($DB44>0,$DB44,$DB44*-1) -> 331.926
B45: 2024 | C45: =L45-J45 -> 12477.71 | D45: =C45-E45 -> 10196.71 | E45: ='Bayesian Sum (10Feb26)'!H40 -> 2281 | G45: ='[1]Data-Nisgaa & Other FN Catch'!BI37 -> 99 | H45: ='Data-Sport-Inriver (CH - new)'!C37 -> 240.33973 | I45: ='Data-Chin-Nisga''a'!N39 -> 2381.95 | J45: =SUM(G45:I45) -> 2721.2897 | L45: ='Bayesian Sum (10Feb26)'!K40 -> 15199 | M45: 0.015788187 | N45: ='Data-Coastal-Chin-Esc (new)'!J52 -> 1842.5724 | O45: 2.7085729 | P45: ='Data-Coastal-Chin-Esc (new)'!AA52 -> 4299.3254 | R45: 33.990528 | S45: 3492.4775 | T45: 3526.4681 | U45: 0.0041226614 | V45: =SUM(P45,C45) -> 16777.036 | X45: =G45 -> 99 | Y45: =SUM(H45,R45) -> 274.33026 | Z45: =SUM(I45,S45) -> 5874.4275 | AA45: =SUM(X45:Z45) -> 6247.7578 | AC45: ='A3.1b CF-tidal-Harvests (Chin)'!G39 -> 135.872 | AD45: ='A3.1b CF-tidal-Harvests (Chin)'!L39 -> 345 | AE45: =SUM(AC45:AD45) -> 480.872 | AJ45: =SUM(V45,AA45,AE45) -> 23505.665 | AK45: =HLOOKUP($B45,AZ$57:BF$64,7,FALSE) -> 1124.0794 | AL45: =SUM(AJ45:AK45) -> 24629.745 | AN45: ='[1]Data-FW Catch Rates - new'!CE39 -> 10196.71 | AO45: 0.0089579316 | AP45: 15 | AR45: =SUM(AE45,AA45,AK45)/AL45 -> 0.31883031 | AS45: =I45/L45 -> 0.15671755 | AT45: =H45/$L45 -> 0.015812865 | AU45: =J45/$L45 -> 0.179044 | AX45: =Z45/$AL45 -> 0.23850948 | AY45: =AC45/$AL45 -> 0.0055165817 | AZ45: =SUM(Y45,AD45)/$AL45 -> 0.025145622 | BA45: =X45/AL45 -> 0.0040195301 | BB45: =SUM(AA45,AE45)/AL45 -> 0.27319121 | BC45: =BC$53 -> 0.045639101 | BD45: =SUM(AA45,AE45,AK45)/AL45 -> 0.31883031 | BK45: -12544.067 | BL45: -23961.588 | BM45: -25177.815 | BS45: 138.3608 | BT45: 5831.8275 | BU45: 99 | BV45: 355.66851 | BW45: 274.33026 | BX45: 6699.1871 | BY45: 23961.588 | BZ45: 0.27958027 | CA45: 0.073744666 | CB45: 0.92625533 | CC45: 0.15365302 | CF45: 23456.256 | CG45: 24646.062 | CH45: =AJ45-CF45 -> 49.40901 | CI45: =AL45-CG45 -> -16.317367 | CJ45: 16727.627 | CK45: =V45-CJ45 -> 49.40901 | CM45: =B45 -> 2024 | CN45: =AJ45 -> 23505.665 | CO45: 3929.6544 | CP45: 8961.5879 | CQ45: 17262.401 | CR45: Y | CS45: Y | CT45: 5031.9335 | CU45: 5031.9335 | CV45: -67.465504 | CX45: 5831.8275 | CY45: 799.89407 | CZ45: 0.1 | DA45: =IF(CZ45=100%,CY45,CZ45*CT45*-1) -> -503.19335 | DB45: 799.89407 | DD45: =DB45+DD44 -> -8618.0638 | DE45: =DB45 -> 799.89407 | DF45: =IF($DB45>0,$DB45,$DB45*-1) -> 799.89407 | DH45: 0.27333012
B46: 2025 | C46: =L46-J46 -> 10359.973 | D46: =C46-E46 -> 8529.9727 | E46: ='Bayesian Sum (10Feb26)'!H41 -> 1830 | G46: ='[1]Data-Nisgaa & Other FN Catch'!BI38 -> 55 | H46: ='Data-Sport-Inriver (CH - new)'!C38 -> 198.77731 | I46: ='Data-Chin-Nisga''a'!N40 -> 1712.25 | J46: =SUM(G46:I46) -> 1966.0273 | L46: ='Bayesian Sum (10Feb26)'!K41 -> 12326 | M46: =H46/L46 -> 0.016126668 | N46: ='Data-Coastal-Chin-Esc (new)'!J53 -> 6441.1507 | O46: =P46/N46 -> 2.3333278 | P46: ='Data-Coastal-Chin-Esc (new)'!AA53 -> 15029.316 | R46: =(SUM(P46,S46)/(1-AVERAGE(U$34:U$38))-SUM(P46,S46)) -> 73.147877 | S46: ='Data-Chin-Nisga''a'!P40+'Data-Chin-Nisga''a'!Q40+'Data-Chin-Nisga''a'!O40 -> 3260.941 | T46: =SUM(R46:S46) -> 3334.0889 | U46: =R46/SUM(T46,P46) -> 0.0039833505 | V46: =SUM(P46,C46) -> 25389.288 | X46: =G46 -> 55 | Y46: =SUM(H46,R46) -> 271.92519 | Z46: =SUM(I46,S46) -> 4973.191 | AA46: =SUM(X46:Z46) -> 5300.1162 | AC46: ='A3.1b CF-tidal-Harvests (Chin)'!G40 -> 132.296 | AD46: ='A3.1b CF-tidal-Harvests (Chin)'!L40 -> 599.1031 | AE46: =SUM(AC46:AD46) -> 731.3991 | AJ46: =SUM(V46,AA46,AE46) -> 31420.804 | AK46: =HLOOKUP($B46,AZ$57:BL$64,7,FALSE) -> 1502.5943 | AL46: =SUM(AJ46:AK46) -> 32923.398 | AN46: ='[1]Data-FW Catch Rates - new'!CE40 -> 8529.9727 | AO46: =AVERAGE(AO41:AO45) -> 0.010253708 | AP46: =RANK(L46,L$13:L$46,1) -> 6 | AR46: =SUM(AE46,AA46,AK46)/AL46 -> 0.22883755 | AS46: =I46/L46 -> 0.13891368 | AT46: =H46/$L46 -> 0.016126668 | AU46: =J46/$L46 -> 0.15950246 | AX46: =Z46/$AL46 -> 0.15105339 | AY46: =AC46/$AL46 -> 0.0040182973 | AZ46: =SUM(Y46,AD46)/$AL46 -> 0.026456209 | BA46: =X46/AL46 -> 0.0016705445 | BB46: =SUM(AA46,AE46)/AL46 -> 0.18319844 | BC46: =BC$53 -> 0.045639101 | BD46: =SUM(AA46,AE46,AK46)/AL46 -> 0.22883755 | BK46: =BG46-C46 -> -10359.973 | BL46: =BH46-AJ46 -> -31420.804 | BM46: =BI46-AL46 -> -32923.398 | BS46: =AC46 -> 132.296 | BT46: =Z46 -> 4973.191 | BU46: =X46 -> 55 | BV46: =AD46 -> 599.1031 | BW46: =Y46 -> 271.92519 | BX46: =SUM(BS46:BW46) -> 6031.5153 | BY46: =AJ46 -> 31420.804 | BZ46: =BX46/BY46 -> 0.19195929 | CA46: =SUM(BV46,BS46)/BX46 -> 0.12126291 | CB46: =SUM(BT46:BU46,BW46)/BX46 -> 0.87873709 | CC46: =AK46/(BX46+AK46) -> 0.19943887 | CF46: 28915.349 | CG46: 30382.064 | CH46: =AJ46-CF46 -> 2505.4551 | CI46: =AL46-CG46 -> 2541.3341 | CJ46: 22891.063 | CK46: =V46-CJ46 -> 2498.225 | CM46: =B46 -> 2025 | CN46: =AJ46 -> 31420.804 | CO46: =IF((CN46-DE$2-CT46)>0, (CN46-DE$2-CT46),0) -> 9822.435 | CP46: =CO46+CT46 -> 16420.804 | CQ46: =V46 -> 25389.288 | CR46: =IF(ROUND(CQ46,-3)>=DE$3,"Y","N") -> Y | CS46: =IF(CQ46>DE$2,"Y","N") -> Y | CT46: =IF(CN46*DB$1>12600,12600,CN46*DB$1) -> 6598.3688 | CU46: =IF(CR46="N",0,IF(CS46="N",(BX46-BT46)+CT46,CT46)) -> 6598.3688 | CV46: =CX46-CT46-(BX46-CX46) -> -2683.5021 | CX46: =BT46 -> 4973.191 | CY46: =CX46-CU46 -> -1625.1778 | CZ46: 0.1 | DA46: =IF(CZ46=100%,CY46,CZ46*CT46*-1) -> -659.83688 | DB46: =IF(CX46>CT46,CY46,(IF(CY46*-1>(CT46*CZ46),CT46*CZ46*-1,CY46))) -> -659.83688 | DD46: =DB46+DD45 -> -9277.9007 | DE46: =DB46 -> -659.83688 | DF46: =IF($DB46>0,$DB46,$DB46*-1) -> 659.83688 | DH46: =P46/V46 -> 0.59195498
EW47: =BX47-BT47 -> 0
B48: Mean: | DE48: =SUM(DE21:DE47) -> -8958.9051 | DF48: =SUM(DF21:DF47) -> 31822.523 | EC48: =AVERAGE(EC21:EC47) -> 0.64630495
B49: 92-99 | C49: =ROUND(AVERAGE(C13:C20),-2) -> 19400 | D49: =ROUND(AVERAGE(D13:D20),-2) -> 15800 | E49: =ROUND(AVERAGE(E13:E20),-2) -> 3200 | G49: =ROUND(AVERAGE(G13:G20),-2) -> 300 | H49: =ROUND(AVERAGE(H13:H20),-2) -> 600 | I49: =ROUND(AVERAGE(I13:I20),-2) -> 1700 | J49: =ROUND(AVERAGE(J13:J20),-2) -> 2600 | K49: =ROUND(AVERAGE(K13:K20),-2) -> #DIV/0! | L49: =ROUND(AVERAGE(L13:L20),-2) -> 22000 | P49: =ROUND(AVERAGE(P13:P20),-2) -> 2400 | R49: UNK | S49: =ROUND(AVERAGE(S13:S20),-2) -> 5500 | T49: =ROUND(AVERAGE(T13:T20),-2) -> 5500 | V49: =ROUND(AVERAGE(V13:V20),-2) -> 21800 | X49: =ROUND(AVERAGE(X13:X20),-2) -> 300 | Y49: =ROUND(AVERAGE(Y13:Y20),-2) -> 600 | Z49: =ROUND(AVERAGE(Z13:Z20),-2) -> 7200 | AA49: =ROUND(AVERAGE(AA13:AA20),-2) -> 8100 | AC49: =ROUND(AVERAGE(AC13:AC20),-2) -> 5900 | AD49: =ROUND(AVERAGE(AD13:AD20),-2) -> 3500 | AE49: =ROUND(AVERAGE(AE13:AE20),-2) -> 9400 | AJ49: =ROUND(AVERAGE(AJ13:AJ20),-2) -> 39300 | AK49: =ROUND(AVERAGE(AK13:AK20),-2) -> 1900 | AL49: =ROUND(AVERAGE(AL13:AL20),-2) -> 41200 | AR49: =AVERAGE(AR13:AR30) -> 0.431995 | AS49: =AVERAGE(AS13:AS30) -> 0.10068705 | AT49: =AVERAGE(AT13:AT30) -> 0.032930714 | AU49: =AVERAGE(AU13:AU30) -> 0.14298442 | AX49: =AVERAGE(AX13:AX47) -> 0.2040228 | AY49: =AVERAGE(AY13:AY47) -> 0.081485308 | AZ49: =AVERAGE(AZ13:AZ47) -> 0.063589336 | BB49: =AVERAGE(BB13:BB47) -> 0.35433405 | BC49: =AVERAGE(BC13:BC47) -> 0.043534607 | DE49: -9031 | ES49: 92-11 | ET49: =AVERAGE($ES$13:$ET$48) -> 0.14892506
B50: 00+ | C50: =ROUND(AVERAGE(C21:C47),-2) -> 15700 | D50: =ROUND(AVERAGE(D21:D47),-2) -> 13000 | E50: =ROUND(AVERAGE(E21:E47),-2) -> 2700 | G50: =ROUND(AVERAGE(G21:G47),-2) -> 100 | H50: =ROUND(AVERAGE(H21:H47),-2) -> 600 | I50: =ROUND(AVERAGE(I21:I47),-2) -> 2200 | J50: =ROUND(AVERAGE(J21:J47),-2) -> 2900 | K50: =ROUND(AVERAGE(K21:K47),-2) -> #DIV/0! | L50: =ROUND(AVERAGE(L21:L47),-2) -> 18600 | P50: =ROUND(AVERAGE(P21:P47),-2) -> 2600 | R50: =ROUND(AVERAGE(R21:R47),-2) -> 100 | S50: =ROUND(AVERAGE(S21:S47),-2) -> 3700 | T50: =ROUND(AVERAGE(T21:T47),-2) -> 3800 | V50: =ROUND(AVERAGE(V21:V47),-2) -> 18400 | X50: =ROUND(AVERAGE(X21:X47),-2) -> 100 | Y50: =ROUND(AVERAGE(Y21:Y47),-2) -> 700 | Z50: =ROUND(AVERAGE(Z21:Z47),-2) -> 5900 | AA50: =ROUND(AVERAGE(AA21:AA47),-2) -> 6700 | AC50: =ROUND(AVERAGE(AC21:AC47),-2) -> 1900 | AD50: =ROUND(AVERAGE(AD21:AD47),-2) -> 900 | AE50: =ROUND(AVERAGE(AE21:AE47),-2) -> 2800 | AG50: =ROUND(AVERAGE(AG21:AG47),-2) -> #DIV/0! | AH50: =ROUND(AVERAGE(AH21:AH47),-2) -> #DIV/0! | AI50: =ROUND(AVERAGE(AI21:AI47),-2) -> #DIV/0! | AJ50: =ROUND(AVERAGE(AJ21:AJ47),-2) -> 27900 | AK50: =ROUND(AVERAGE(AK21:AK47),-2) -> 1200 | AL50: =ROUND(AVERAGE(AL21:AL47),-2) -> 29100 | AR50: =AVERAGE(AR21:AR30) -> 0.39321914 | AS50: =AVERAGE(AS21:AS30) -> 0.11374662 | AT50: =AVERAGE(AT21:AT30) -> 0.035718158 | AU50: =AVERAGE(AU21:AU30) -> 0.15712112 | AX50: =AVERAGE(AX21:AX47) -> 0.20957825 | AY50: =AVERAGE(AY21:AY47) -> 0.062469955 | AZ50: =AVERAGE(AZ21:AZ47) -> 0.05250036 | BB50: =AVERAGE(BB21:BB47) -> 0.32951924 | BC50: =AVERAGE(BC21:BC47) -> 0.042935214 | BE50: 00+ | CF50: =ROUND(AVERAGE(CF21:CF47),-2) -> 27000 | CG50: =ROUND(AVERAGE(CG21:CG47),-2) -> 28200 | CH50: =ROUND(AVERAGE(CH21:CH47),-2) -> 800 | CI50: =ROUND(AVERAGE(CI21:CI47),-2) -> 800 | CJ50: =ROUND(AVERAGE(CJ21:CJ47),-2) -> 17500 | CK50: =ROUND(AVERAGE(CK21:CK47),-2) -> 800 | DE50: =DE49-DE48 -> -72.094924 | DK50: =AVERAGE(DK21:DK47) -> 0.095809158 | DL50: =AVERAGE(DL21:DL47) -> 0.038475722 | ES50: 00-11 | ET50: =AVERAGE($ES$23:$ET$48) -> 0.15609585
B51: 94+ | C51: =ROUND(AVERAGE(C15:C47),-2) -> 16300 | D51: =ROUND(AVERAGE(D15:D47),-2) -> 13500 | E51: =ROUND(AVERAGE(E15:E47),-2) -> 2800 | G51: =ROUND(AVERAGE(G15:G47),-2) -> 100 | H51: =ROUND(AVERAGE(H15:H47),-2) -> 500 | I51: =ROUND(AVERAGE(I15:I47),-2) -> 2100 | J51: =ROUND(AVERAGE(J15:J47),-2) -> 2800 | K51: =ROUND(AVERAGE(K15:K47),-2) -> #DIV/0! | L51: =ROUND(AVERAGE(L15:L47),-1) -> 19090 | P51: =ROUND(AVERAGE(P15:P47),-2) -> 2600 | R51: =ROUND(AVERAGE(R15:R47),-2) -> 100 | S51: =ROUND(AVERAGE(S15:S47),-2) -> 4100 | T51: =ROUND(AVERAGE(T15:T47),-2) -> 4200 | V51: =ROUND(AVERAGE(V15:V47),-2) -> 19000 | X51: =ROUND(AVERAGE(X15:X47),-2) -> 100 | Y51: =ROUND(AVERAGE(Y15:Y47),-2) -> 600 | Z51: =ROUND(AVERAGE(Z15:Z47),-2) -> 6200 | AA51: =ROUND(AVERAGE(AA15:AA47),-2) -> 7000 | AC51: =ROUND(AVERAGE(AC15:AC47),-2) -> 2600 | AD51: =ROUND(AVERAGE(AD15:AD47),-2) -> 1300 | AE51: =ROUND(AVERAGE(AE15:AE47),-2) -> 4000 | AG51: =ROUND(AVERAGE(AG15:AG47),-2) -> #DIV/0! | AH51: =ROUND(AVERAGE(AH15:AH47),-2) -> #DIV/0! | AI51: =ROUND(AVERAGE(AI15:AI47),-2) -> #DIV/0! | AJ51: =ROUND(AVERAGE(AJ15:AJ47),-2) -> 29900 | AK51: =ROUND(AVERAGE(AK15:AK47),-2) -> 1300 | AL51: =ROUND(AVERAGE(AL15:AL47),-2) -> 31200 | AR51: =AVERAGE(AR22:AR31) -> 0.37754202 | AS51: =AVERAGE(AS22:AS31) -> 0.11074913 | AT51: =AVERAGE(AT22:AT31) -> 0.033645121 | AU51: =AVERAGE(AU22:AU31) -> 0.1522612 | AX51: =AVERAGE(AX22:AX48) -> 0.20731199 | AY51: =AVERAGE(AY22:AY48) -> 0.062883638 | AZ51: =AVERAGE(AZ22:AZ48) -> 0.052061389 | BB51: =AVERAGE(BB22:BB48) -> 0.32737056 | BC51: =AVERAGE(BC22:BC48) -> 0.042825577 | BE51: 94+ | CF51: =ROUND(AVERAGE(CF15:CF47),-2) -> 28900 | CG51: =ROUND(AVERAGE(CG15:CG47),-2) -> 30300 | CH51: =ROUND(AVERAGE(CH15:CH47),-2) -> 400 | CI51: =ROUND(AVERAGE(CI15:CI47),-2) -> 400 | CJ51: =ROUND(AVERAGE(CJ15:CJ47),-2) -> 18000 | CK51: =ROUND(AVERAGE(CK15:CK47),-2) -> 1000 | DH51: =AVERAGE(DH$13:DH47) -> 0.13019289 | DK51: =AVERAGE(DK22:DK48) -> 0.099553367 | DL51: =AVERAGE(DL22:DL48) -> 0.039292138 | ES51: 00-11 | ET51: =AVERAGE($ES$23:$ET$48) -> 0.15609585
B53: Min | C53: =MIN(C$13:C47) -> 5793.8 | D53: =MIN(D$13:D47) -> 4591.8 | E53: =MIN(E$13:E47) -> 1202 | G53: =MIN(G$13:G47) -> 24 | H53: =MIN(H$13:H47) -> 82 | I53: =MIN(I$13:I47) -> 1054.2 | J53: =MIN(J$13:J47) -> 1276.2 | L53: =MIN(L$13:L47) -> 7070 | P53: =MIN(P$13:P47) -> 695.86126 | R53: =MIN(R$13:R47) -> 1 | S53: =MIN(S$13:S47) -> 1644.4 | T53: =MIN(T$13:T47) -> 1664.144 | V53: =MIN(V$13:V47) -> 6489.6613 | X53: =MIN(X$13:X47) -> 24 | Y53: =MIN(Y$13:Y47) -> 82 | Z53: =MIN(Z$13:Z47) -> 3232.2 | AA53: =MIN(AA$13:AA47) -> 3506.8513 | AC53: =MIN(AC$13:AC47) -> 21.656 | AD53: =MIN(AD$13:AD47) -> 237 | AE53: =MIN(AE$13:AE47) -> 332.688 | AG53: =MIN(AG$13:AG47) -> 0 | AH53: =MIN(AH$13:AH47) -> 0 | AI53: =MIN(AI$13:AI47) -> 0 | AJ53: =MIN(AJ$13:AJ47) -> 12583.821 | AK53: =MIN(AK$13:AK47) -> 186 | AL53: =MIN(AL$13:AL47) -> 13265.821 | AR53: =MIN(AR$13:AR47) -> 0.22883755 | BB53: Mean 2007-2017 AK ER | BC53: =AVERAGE(BC28:BC38) -> 0.045639101 | BE53: Min | CF53: =MIN(CF$13:CF47) -> 11083.401 | CG53: =MIN(CG$13:CG47) -> 11765.401 | CH53: =MIN(CH$13:CH47) -> -2811.5465 | CI53: =MIN(CI$13:CI47) -> -2811.5465 | CJ53: =MIN(CJ$13:CJ47) -> 4989.2409 | CK53: =MIN(CK$13:CK47) -> -1872.0443 | DH53: =MIN(DH$13:DH47) -> 0.068564314 | EI53: =AVERAGE(EI29:EI31) -> 1.3022781 | EJ53: =AVERAGE(EJ31) -> 0.10722613 | ET53: =MIN($ES$13:$ET$48) -> 0.078982399
B54: Max | C54: =MAX(C$13:C47) -> 30740 | D54: =MAX(D$13:D47) -> 25724 | E54: =MAX(E$13:E47) -> 5317 | G54: =MAX(G$13:G47) -> 612 | H54: =MAX(H$13:H47) -> 1339 | I54: =MAX(I$13:I47) -> 5457 | J54: =MAX(J$13:J47) -> 6374 | L54: =MAX(L$13:L47) -> 35715 | P54: =MAX(P$13:P47) -> 15029.316 | R54: =MAX(R$13:R47) -> 525 | S54: =MAX(S$13:S47) -> 7470 | T54: =MAX(T$13:T47) -> 7470 | V54: =MAX(V$13:V47) -> 33451.857 | X54: =MAX(X$13:X47) -> 612 | Y54: =MAX(Y$13:Y47) -> 1490 | Z54: =MAX(Z$13:Z47) -> 11764 | AA54: =MAX(AA$13:AA47) -> 13009.009 | AC54: =MAX(AC$13:AC47) -> 7809.3391 | AD54: =MAX(AD$13:AD47) -> 4583.3275 | AE54: =MAX(AE$13:AE47) -> 12392.667 | AG54: =MAX(AG$13:AG47) -> 0 | AH54: =MAX(AH$13:AH47) -> 0 | AI54: =MAX(AI$13:AI47) -> 0 | AJ54: =MAX(AJ$13:AJ47) -> 48774.878 | AK54: =MAX(AK$13:AK47) -> 2300 | AL54: =MAX(AL$13:AL47) -> 51074.878 | AR54: =MAX(AR$13:AR47) -> 0.56800728 | BE54: Max | CF54: =MAX(CF$13:CF47) -> 47505.849 | CG54: =MAX(CG$13:CG47) -> 49905.849 | CH54: =MAX(CH$13:CH47) -> 5154.661 | CI54: =MAX(CI$13:CI47) -> 5254.661 | CJ54: =MAX(CJ$13:CJ47) -> 31863.841 | CK54: =MAX(CK$13:CK47) -> 5154.661 | DH54: =MAX(DH$13:DH47) -> 0.59195498 | EI54: =1-EI53 -> -0.30227808 | ET54: =MIN($ES$23:$ET$48) -> 0.088409563
A56: a | B56: Net escapement estimates are from radio telemetry (1992-1993; Koski et al. 1996ab) and mark recapture (1994-current) fishwheel programs (see annual reports cited in text) conducted by Nisga'a Fisheries. | AS56: US | BT56: GF | BU56: NF | BV56: SF | BW56: Total | BY56: Coastal | BZ56: Net Esc | EI56: =C33*EI53 -> 12216.41 | EJ56: =$C33+EI56 -> 21597.21 | EK56: =EI56/EJ56 -> 0.5656476 | ET56: =MAX($ES$13:$ET$48) -> 0.21926133
A57: b | B57: Chinook salmon catches in the Upper FN fishery are from radio telemetry estimates for 1992-1993, and for other years from DFO (Mark Potyrala, Prince Rupert, BC, pers. comm.) and GFA (Greg Rush, Kitwanga, BC). | AR57: 2011 | AS57: 2011 | AT57: 2012 | AU57: 2013 | AV57: 2014 | AW57: 2015 | AX57: 2016 | AY57: 2017 | AZ57: 2018 | BA57: 2019 | BB57: 2020 | BC57: 2021 | BD57: 2022 | BE57: 2023 | BF57: 2024 | BG57: 2025 | BO57: 1986 | BS57: =B13 -> 1992 | BY57: =P13 -> 1411.6633 | BZ57: =V13 -> 18219.663 | CA57: =BY57/BZ57 -> 0.077480208 | EI57: =C33*(EJ53) -> 1005.8669 | EJ57: =$C33+EI57 -> 10386.667 | EK57: =EI57/EJ57 -> 0.096842124 | ET57: =MAX($ES$23:$ET$48) -> 0.19755851
A58: c | B58: In-river sport catch estimates of Nass Chinook salmon from 1992-2004 are from Baxter (2005), and 2005 to current are from Nisga'a Fisheries (2006-2017). | AR58: =CA74 -> 0.10722613 | AS58: =AK31/AJ31 -> 0.030275309 | AT58: =AK31/AJ31 -> 0.030275309 | AU58: =AT58 -> 0.030275309 | AV58: =AU58 -> 0.030275309 | AW58: =AV58 -> 0.030275309 | AX58: =AW58 -> 0.030275309 | AY58: =AX58 -> 0.030275309 | AZ58: =BC39 -> 0.045639101 | BA58: =BC39 -> 0.045639101 | BB58: =BC41 -> 0.045639101 | BC58: =$BC42 -> 0.045639101 | BD58: =$BC42 -> 0.045639101 | BE58: =$BC46 -> 0.045639101 | BF58: =$BC46 -> 0.045639101 | BG58: =$BC46 -> 0.045639101 | BO58: =BC53 -> 0.045639101 | BS58: =B14 -> 1993 | BT58: =G13/$J13 -> 0.18777771 | BU58: =I13/$J13 -> 0.40138184 | BV58: =H13/$J13 -> 0.41084045 | BW58: =J13/$J13 -> 1 | BY58: =P14 -> 1826.594 | BZ58: =V14 -> 26640.594 | CA58: =BY58/BZ58 -> 0.068564314
A59: d | B59: Nisga'a catch estimates of Nass River Chinook salmon from 1992 to 2005 are from Stephens and Humble (2006), and 2006 to current are from Nisga'a Fisheries (2007-2017). | AN59: 676 | BS59: =B15 -> 1994 | BT59: =G14/$J14 -> 0.19298075 | BU59: =I14/$J14 -> 0.49085246 | BV59: =H14/$J14 -> 0.31616679 | BW59: =J14/$J14 -> 1 | BY59: =P15 -> 5544.3154 | BZ59: =V15 -> 29183.651 | CA59: =BY59/BZ59 -> 0.18998019
A60: e | B60: Run size estimates of Nass River Chinook salmon to Gitwinksihlkw are derived by Bayesian mark-recapture model. | AN60: 1731 | AR60: =1-AR58 -> 0.89277387 | AS60: =1-AS58 -> 0.96972469 | AT60: =1-AT58 -> 0.96972469 | AU60: =1-AU58 -> 0.96972469 | AV60: =1-AV58 -> 0.96972469 | AW60: =1-AW58 -> 0.96972469 | AX60: =1-AX58 -> 0.96972469 | AY60: =1-AY58 -> 0.96972469 | ... BG60: =1-BG58 -> 0.9543609 | BO60: =1-BO58 -> 0.9543609 | BS60: =B16 -> 1995 | BT60: =G16/$J16 -> 0.027913573 | BU60: =I16/$J16 -> 0.70264291 | BV60: =H16/$J16 -> 0.26944351 | BW60: =J16/$J16 -> 1 | BY60: =P16 -> 1457.1598 | BZ60: =V16 -> 10641.769 | CA60: =BY60/BZ60 -> 0.13692834
A61: f | B61: Net escapement estimates of Chinook salmon for the Lower Nass and Coastal areas are calculated in two steps. The first step sums observed escapements from DFO aerial surveys of Ishkeenickh, Iknouk, Kincolith, | AN61: 1824 | AQ61: Total Run | AR61: =C32/AR60 -> 11822.927 | AS61: =AJ32/AS60 -> 19973.874 | AT61: =$AJ33/AT60 -> 17033.342 | AU61: =$AJ34/AU60 -> 18398.352 | AV61: =$AJ35/AV60 -> 26116.077 | AW61: =$AJ36/AW60 -> 35309.614 | AX61: =$AJ37/AX60 -> 20456.535 | AY61: =$AJ38/AY60 -> 12976.695 | AZ61: =$AJ39/AZ60 -> 27800.17 | BA61: =$AJ40/BA60 -> 22456.581 | BB61: =$AJ41/BB60 -> 21932.145 | BC61: =$AJ42/BC60 -> 20673.235 | BD61: =$AJ43/BD60 -> 24176.332 | BE61: =$AJ44/BE60 -> 16561.869 | BF61: =$AJ45/BF60 -> 24629.745 | BG61: =$AJ46/BG60 -> 32923.398 | BO61: =$AJ7/BO60 -> 50637.912 | BS61: =B17 -> 1996 | BT61: =G17/$J17 -> 0.020759769 | BU61: =I17/$J17 -> 0.77715023 | BV61: =H17/$J17 -> 0.20209 | BW61: =J17/$J17 -> 1 | BY61: =P17 -> 1658.5559 | BZ61: =V17 -> 23380.221 | CA61: =BY61/BZ61 -> 0.070938416
B62: Kwinamass, and Kitsault systems; and correcting for missing data based on proportions among systems for 1977-current year. The second step expands the summed escapement in step 1 to account for true | AN62: 2214 | AQ62: TRTC | AR62: =C32 -> 10555.2 | AS62: =AJ32 -> 19369.159 | AT62: =$AJ33 -> 16517.652 | AU62: =$AJ34 -> 17841.336 | AV62: =$AJ35 -> 25325.405 | AW62: =$AJ36 -> 34240.605 | AX62: =$AJ37 -> 19837.207 | AY62: =$AJ38 -> 12583.821 | AZ62: =$AJ39 -> 26531.396 | BA62: =$AJ40 -> 21431.682 | BB62: =$AJ41 -> 20931.182 | BC62: =$AJ42 -> 19729.727 | BD62: =$AJ43 -> 23072.946 | BE62: =$AJ44 -> 15806 | BF62: =$AJ45 -> 23505.665 | BG62: =$AJ46 -> 31420.804 | BO62: =$AJ7 -> 48326.843 | BS62: =B18 -> 1997 | BT62: =G18/$J18 -> 0.019332996 | BU62: =I18/$J18 -> 0.8849451 | BV62: =H18/$J18 -> 0.095721905 | BW62: =J18/$J18 -> 1 | BY62: =P18 -> 2646.9332 | BZ62: =V18 -> 24019.207 | CA62: =BY62/BZ62 -> 0.11020069
B63: escapement; 150% for 1992-2000; 2001-2006 by observed proportion of mark-recapture (Kwinamass) and/or weir (Kincolith) estimates to visual surveys conducted on Kwinamass and Kincolith rivers; | AN63: =SUM(AN59:AN62) -> 6445 | AR63: =AR61-AR62 -> 1267.7267 | AS63: =AS61-AS62 -> 604.71521 | AT63: =AT61-AT62 -> 515.68969 | AU63: =AU61-AU62 -> 557.01579 | AV63: =AV61-AV62 -> 790.67232 | AW63: =AW61-AW62 -> 1069.0095 | AX63: =AX61-AX62 -> 619.32793 | AY63: =AY61-AY62 -> 392.87345 | ... BG63: =BG61-BG62 -> 1502.5943 | BO63: =BO61-BO62 -> 2311.0688 | BS63: =B19 -> 1998 | BT63: =G19/$J19 -> 0.16151685 | BU63: =I19/$J19 -> 0.74672285 | BV63: =H19/$J19 -> 0.0917603 | BW63: =J19/$J19 -> 1 | BY63: =P19 -> 2571.0462 | BZ63: =V19 -> 27479.046 | CA63: =BY63/BZ63 -> 0.093563882
B64: and 233% for 2007-current year as the mean mark-recapture expansion estimate from Kwinamass (2002-2006), respectively. | AR64: =AR63/AR61 -> 0.10722613 | AS64: =AS63/AS61 -> 0.030275309 | AT64: =AT63/AT61 -> 0.030275309 | AU64: =AU63/AU61 -> 0.030275309 | AV64: =AV63/AV61 -> 0.030275309 | AW64: =AW63/AW61 -> 0.030275309 | AX64: =AX63/AX61 -> 0.030275309 | AY64: =AY63/AY61 -> 0.030275309 | ... BG64: =BG63/BG61 -> 0.045639101 | BO64: =BO63/BO61 -> 0.045639101 | BS64: =B20 -> 1999 | BT64: =G20/$J20 -> 0.10249602 | BU64: =I20/$J20 -> 0.85395645 | BV64: =H20/$J20 -> 0.043547531 | BW64: =J20/$J20 -> 1 | BY64: =P20 -> 1726.8221 | BZ64: =V20 -> 14795.822 | CA64: =BY64/BZ64 -> 0.11671012
A65: g | B65: The total net escapement estimate of adult Nass Chinook salmon to the Nass River are derived by summing the Upper and Middle net escapement to the Lower and Coastal net escapement estimate. | AR65: =P32/V32 -> 0.10722613 | BS65: =B21 -> 2000 | BT65: =G21/$J21 -> 0.01372549 | BU65: =I21/$J21 -> 0.69971989 | BV65: =H21/$J21 -> 0.28655462 | BW65: =J21/$J21 -> 1 | BY65: =P21 -> 1919.7638 | BZ65: =V21 -> 20004.764 | CA65: =BY65/BZ65 -> 0.095965333
A66: h | B66: Estimates are provided by the Nisga'a-Canada-BC Joint technical committee. | AS66: =AK32/AL32 -> 0.073297372 | AT66: =AK31/AL31 -> 0.02938565 | AZ66: =AZ62/(1-AZ58) -> 27800.17 | BC66: =BO62/(1-BO58) -> 50637.912 | BS66: =B22 -> 2001 | BT66: =G23/$J23 -> 0.055331623 | BU66: =I23/$J23 -> 0.68706486 | BV66: =H23/$J23 -> 0.25760352 | BW66: =J23/$J23 -> 1 | BY66: =P22 -> 3534.8405 | BZ66: =V22 -> 32875.841 | CA66: =BY66/BZ66 -> 0.10752092
A67: i | B67: Total Return to Canada estimates for Nass River Chinook salmon are derived by summing the total estimates of net escapement, in-river catch and marine catch. | BS67: =B23 -> 2002 | BT67: =G24/$J24 -> 0.050083011 | BU67: =I24/$J24 -> 0.66491422 | BV67: =H24/$J24 -> 0.28500277 | BW67: =J24/$J24 -> 1 | BY67: =P23 -> 1468.6692 | BZ67: =V23 -> 15828.669 | CA67: =BY67/BZ67 -> 0.09278539
A68: j | B68: Alaskan catch data were updated by DFO (Ivan Winther, Prince Rupert, BC) in May 2011 for 1992-2010 based on results from genetic analyses. For 2011-current year, 2.7% ER (from 2010) is being used to calculate | BS68: =B24 -> 2003 | BT68: =G25/$J25 -> 0.080212039 | BU68: =I25/$J25 -> 0.695543 | BV68: =H25/$J25 -> 0.22424496 | BW68: =J25/$J25 -> 1 | BY68: =P24 -> 2711.8572 | BZ68: =V24 -> 33451.857 | CA68: =BY68/BZ68 -> 0.081067462
B69: Alaskan catch until genetic data are available. | AR69: 2000-2017 | BS69: =B25 -> 2004 | BT69: =G26/$J26 -> 0.058321387 | BU69: =I26/$J26 -> 0.74618793 | BV69: =H26/$J26 -> 0.19549068 | BW69: =J26/$J26 -> 1 | BY69: =P25 -> 1437.8892 | BZ69: =V25 -> 15174.489 | CA69: =BY69/BZ69 -> 0.094757006
A70: k | B70: Total run size estimates for Nass River Chinook salmon are derived by summing the Total Return to Canada and Alaskan catch. | BS70: =B26 -> 2005 | BT70: =G27/$J27 -> 0.090254137 | BU70: =I27/$J27 -> 0.70944502 | BV70: =H27/$J27 -> 0.20030085 | BW70: =J27/$J27 -> 1 | BY70: =P26 -> 1676.895 | BZ70: =V26 -> 14786.695 | CA70: =BY70/BZ70 -> 0.11340567
BS71: =B27 -> 2006 | BT71: =G28/$J28 -> 0.0047229219 | BU71: =I28/$J28 -> 0.80537626 | BV71: =H28/$J28 -> 0.18990082 | BW71: =J28/$J28 -> 1 | BY71: =P27 -> 4019.2394 | BZ71: =V27 -> 26599.839 | CA71: =BY71/BZ71 -> 0.15110014
BS72: =B28 -> 2007 | BT72: =G29/$J29 -> 0.085243974 | BU72: =I29/$J29 -> 0.53507741 | BV72: =H29/$J29 -> 0.37967862 | BW72: =J29/$J29 -> 1 | BY72: =P28 -> 2479.0042 | BZ72: =V28 -> 23119.404 | CA72: =BY72/BZ72 -> 0.10722613
BS73: =B29 -> 2008 | BT73: =G30/$J30 -> 0.036792124 | BU73: =I30/$J30 -> 0.69696216 | BV73: =H30/$J30 -> 0.26624571 | BW73: =J30/$J30 -> 1 | BY73: =P29 -> 2527.8147 | BZ73: =V29 -> 23574.615 | CA73: =BY73/BZ73 -> 0.10722613
A74: 1 | B74: 1 | C74: 2 | D74: 3 | E74: 4 | F74: 5 | G74: 6 | H74: 7 | I74: 8 | J74: 9 | K74: 10 | L74: 11 | M74: 12 | N74: 13 | O74: 14 | P74: 15 | Q74: 16 | R74: 17 | S74: 18 | T74: 19 | U74: 20 | V74: 21 | W74: 22 | X74: 23 | Y74: 24 | Z74: 25 | AA74: 26 | AB74: 27 | AC74: 28 | AD74: 29 | AE74: 30 | AF74: 31 | AG74: 32 | AH74: 33 | AI74: 34 | AJ74: 35 | AK74: 36 | AL74: 37 | BS74: =B30 -> 2009 | BT74: =G31/$J31 -> 0.037577932 | BU74: =I31/$J31 -> 0.73439235 | BV74: =H31/$J31 -> 0.22802972 | BW74: =J31/$J31 -> 1 | BY74: =P30 -> 3182.8164 | BZ74: =V30 -> 29683.216 | CA74: =BY74/BZ74 -> 0.10722613
BS75: =B31 -> 2010
B76: 2018 | BS76: Mean | BT76: =AVERAGE(BT65:BT73) -> 0.052742967 | BU76: =AVERAGE(BU65:BU73) -> 0.69336564 | BV76: =AVERAGE(BV65:BV73) -> 0.25389139 | BW76: =AVERAGE(BW65:BW73) -> 1 | BY76: =AVERAGE(BY65:BY75) -> 2495.879 | BZ76: =AVERAGE(BZ65:BZ75) -> 23509.939 | CA76: =BY76/BZ76 -> 0.10616272
B78: 2017 | C78: =AVERAGE(C15:C37) -> 18068.569 | L78: =AVERAGE(L15:L37) -> 21115.261 | M78: =L38/L78 -> 0.33482892 | AJ78: =AVERAGE(AJ15:AJ37) -> 33110.953 | AK78: =AJ38/AJ78 -> 0.38005011 | AR78: =AVERAGE(AR15:AR37) -> 0.41695665 | AS78: =AR38-AR78 -> 0.093841733
B84: Prior to 2009 | C84: =ROUND(AVERAGE(C13:C29),-3) -> 20000 | F84: =ROUND(AVERAGE(F13:F29),-3) -> #DIV/0! | G84: =ROUND(AVERAGE(G13:G29),-3) -> 0 | H84: =ROUND(AVERAGE(H13:H29),-3) -> 1000 | I84: =ROUND(AVERAGE(I13:I29),-3) -> 2000 | J84: =ROUND(AVERAGE(J13:J29),-3) -> 3000 | K84: =ROUND(AVERAGE(K13:K29),-3) -> #DIV/0! | L84: =ROUND(AVERAGE(L13:L29),-3) -> 23000 | N84: =ROUND(AVERAGE(N13:N29),-3) -> 1000 | O84: =ROUND(AVERAGE(O13:O29),-3) -> 0 | P84: =ROUND(AVERAGE(P13:P29),-3) -> 2000 | Q84: =ROUND(AVERAGE(Q13:Q29),-3) -> #DIV/0! | R84: =ROUND(AVERAGE(R13:R29),-3) -> 0 | S84: =ROUND(AVERAGE(S13:S29),-3) -> 5000 | T84: =ROUND(AVERAGE(T13:T29),-3) -> 5000 | V84: =ROUND(AVERAGE(V13:V29),-3) -> 22000 | X84: =ROUND(AVERAGE(X13:X29),-3) -> 0 | Y84: =ROUND(AVERAGE(Y13:Y29),-3) -> 1000 | Z84: =ROUND(AVERAGE(Z13:Z29),-3) -> 7000 | AA84: =ROUND(AVERAGE(AA13:AA29),-3) -> 8000 | AC84: =ROUND(AVERAGE(AC13:AC29),-3) -> 5000 | AD84: =ROUND(AVERAGE(AD13:AD29),-3) -> 2000 | AE84: =ROUND(AVERAGE(AE13:AE29),-3) -> 7000 | AG84: =ROUND(AVERAGE(AG13:AG29),-3) -> #DIV/0! | AH84: =ROUND(AVERAGE(AH13:AH29),-3) -> #DIV/0! | AI84: =ROUND(AVERAGE(AI13:AI29),-3) -> #DIV/0! | AJ84: =ROUND(AVERAGE(AJ13:AJ29),-3) -> 38000 | AK84: =ROUND(AVERAGE(AK13:AK29),-3) -> 2000 | AL84: =ROUND(AVERAGE(AL13:AL29),-3) -> 40000
AJ87: =AJ41-AJ51 -> -8968.8183
AJ88: =AJ87/AJ51 -> -0.29996048
L90: 2017 | N90: 1998 | O90: =L90-N90+1 -> 20 | T90: Made esc since 2011 | V90: =COUNTIF(V32:V47,">=15000") -> 6
V91: =COUNT(V32:V48) -> 15
L93: =L41/L51 -> 0.80193819

Sheet A6-Chin (NEW2+Khutz)
A1: Appendix A6. | C1: Annual estimates of escapement, catch and total stock size estimates for adult Chinook salmon returning to the Nass River and Coastal CUs, 1992 to present. | AN1: 0.25 | AO1: =AN1*V39 -> 5159.6005 | AX1: Total: ER | BS1: Canadian Commercial | BT1: Nisga'a Harvest | BU1: Gitanyow Harvest | BV1: Sport - Tidal | BW1: Sport - FW | BX1: Total Can. Catch | BY1: NEW TRTC | BZ1: Can HR% | CA1: Can Mar.HR% | CB1: Can IR HR% | CC1: US HR% | CD1: TOTAL HR% | CM1: Nass Chinook - Nisga'a Allocation Summary | DA1: Nisga'a%: | DB1: 0.21 | DD1: Max: | DE1: 12600
AX2: =AVERAGE(Z27:Z38) -> 5450.5857 | AY2: =AVERAGE(AC27:AC38) -> 1956.1727 | AZ2: =AVERAGE(AD27:AD38,Y27:Y38) -> 852.37111 | BA2: =AVERAGE(X27:X38) -> 138.66667 | BB2: =SUM(AX2:BA2) -> 8397.7961 | BC2: =AVERAGE(AK27:AK38) -> 1202.0833 | DD2: Esc: | DE2: 15000
C3: Upper & Middle Nass River | P3: Lower Nass R. & Coastal + Khutz | V3: Total Nass Area | AK3: Alaskan catchj | AL3: Total Runk | AX3: =AVERAGE(AX27:AX38) -> 0.19970871 | AY3: =AVERAGE(AY27:AY38) -> 0.068021712 | AZ3: =AVERAGE(AZ27:AZ38) -> 0.059334656 | BA3: =AVERAGE(BA27:BA38) -> 0.0046972156 | BB3: =AVERAGE(BB27:BB38) -> 0.33176229 | BC3: =AVERAGE(BC27:BC38) -> 0.044167593 | BD3: =BC3+AZ3+AY3 -> 0.17152396 | DD3: Min Esc G: | DE3: 10000
C4: Net Esc.a | G4: In-river Catch | L4: Run size to GWe | R4: In-river Catch | V4: Net Esc.g | X4: In-river Catch | AC4: Marine Catchh | AG4: Release Mortality | AJ4: Total Return to Canadai | AS4: Upper: | BG4: PSC - Table 1 | BK4: PSC - Table 1 | CF4: Original (11Dec25) | DA4: Max underage allowance | DB4: Underage Allowance
B5: Year | C5: Net Esc. totala | D5: Upper | E5: Middle | G5: UFN b | H5: Sportc | I5: Nisga'ad | J5: Total | M5: SF% | N5: Coastal Vis. Obs. | O5: Factor | P5: Net Escape + Khutzf | R5: Sportc | S5: Nisga'ad | T5: Total | U5: SF% | X5: UFN b | Y5: Sportc | Z5: Nisga'ad | AA5: Total | AC5: Comm. | AD5: Sport | AE5: Total | AG5: Comm | AH5: Sport | AI5: Nisga'a | AM5: DFO (23) | AN5: GH MR est. | AO5: Upper FN% | AP5: Rank (Lowest) | AR5: ER | AS5: Nisga'a | AT5: SF | AU5: Total | AX5: Nisga'a | AY5: Com. | AZ5: SF | BA5: Other | BB5: Total | BC5: Alaska | BG5: Upper-net | BH5: TRTC | BI5: Total Run | BK5: Upper-net | BL5: TRTC | BM5: Total Run | BO5: GH catch | BP5: Mez | BQ5: Kwin | CF5: TRTC | CG5: TR | CH5: TRTC Diff (new-old) | CI5: TR Diff (new-old) | CJ5: ESC old (11Dec25) | CK5: ESC Diff (new-old) | CM5: Year | CN5: TRTC | CO5: RAC | CP5: TAC | CQ5: Total Net Esc. | CR5: Min. Esc goal reached | CS5: Esc goal reached | CT5: Nisga'a share | CU5: Final Nisga'a share | CV5: Overharvest adjustment (4 d) | CW5: Overharvest adjustment (4 f) | CX5: Nisga'a harvest | CY5: Diff. | CZ5: MGT uncert. % | DC5: Signed off by JTC | DD5: Cum account | DE5: Table 9 new | DF5: Foregone | DH5: Coastal contribution | DK5: CF | DL5: SF | DS5: New Esc | DT5: Old Esc | DW5: New TRTC | DX5: Old TRTC | DY5: Diff | EG5: OTHER | EI5: Coastal/Upper | EJ5: Coastal/Total | EL5: Fishery officer | EM5: Escapement | EN5: Nisga'a | EO5: Other Can | EP5: Alaska | ET5: IN harvest rate | EW5: Other Canadian | FB5: Upper Nass | FC5: %Upper to lower | FE5: GW
B7: 1986 | C7: 36523.343 | G7: 166 | H7: 331 | I7: 939 | J7: 1436 | L7: =C7+J7 -> 37959.343 | P7: 2137.5 | R7: 0 | S7: 3038 | T7: =SUM(R7:S7) -> 3038 | V7: =SUM(P7,C7) -> 38660.843 | X7: 166 | Y7: 331 | Z7: 3977 | AA7: =SUM(X7:Z7) -> 4474 | AC7: 3259 | AD7: 1933 | AE7: =SUM(AC7:AD7) -> 5192 | AJ7: =SUM(V7,AA7,AE7,SUM(AG7:AI7)) -> 48326.843 | AK7: =ROUND(AJ7/(1-BC$53)-AJ7,-2) -> 2300 | AL7: =SUM(AJ7:AK7) -> 50626.843 | AN7: 9665.2108 | BS7: =AC7 -> 3259 | BT7: =Z7 -> 3977 | BU7: =X7 -> 166 | BV7: =AD7 -> 1933 | BW7: =Y7 -> 331 | BX7: =SUM(BS7:BW7) -> 9666 | BY7: =AJ7 -> 48326.843 | BZ7: =BX7/BY7 -> 0.20001307 | CA7: =SUM(BV7,BS7)/BX7 -> 0.53714049 | CB7: =SUM(BT7:BU7,BW7)/BX7 -> 0.46285951 | CC7: =AK7/(BX7+AK7) -> 0.19221127 | DH7: =P7/V7 -> 0.0552885 | EL7: =V7/1000 -> 38.660843 | EN7: =Z7/1000 -> 3.977 | EO7: =SUM(X7:Y7,AE7)/1000 -> 5.689 | EP7: =AK7/1000 -> 2.3 | ET7: =J7/L7 -> 0.037829949 | EW7: =BX7-BT7 -> 5689 | FE7: =ROUND(L7,-3) -> 38000
B8: 1987 | C8: 19539.879 | G8: 92 | H8: 184 | I8: 521 | J8: 797 | L8: =C8+J8 -> 20336.879 | P8: 1930.4061 | R8: 0 | S8: 1687 | T8: =SUM(R8:S8) -> 1687 | V8: =SUM(P8,C8) -> 21470.285 | X8: 92 | Y8: 184 | Z8: 2208 | AA8: =SUM(X8:Z8) -> 2484 | AC8: 1810 | AD8: 1074 | AE8: =SUM(AC8:AD8) -> 2884 | AJ8: =SUM(V8,AA8,AE8,SUM(AG8:AI8)) -> 26838.285 | AK8: =ROUND(AJ8/(1-BC$53)-AJ8,-2) -> 1300 | AL8: =SUM(AJ8:AK8) -> 28138.285 | AN8: 5367.5713 | BS8: =AC8 -> 1810 | BT8: =Z8 -> 2208 | BU8: =X8 -> 92 | BV8: =AD8 -> 1074 | BW8: =Y8 -> 184 | BX8: =SUM(BS8:BW8) -> 5368 | BY8: =AJ8 -> 26838.285 | BZ8: =BX8/BY8 -> 0.20001278 | CA8: =SUM(BV8,BS8)/BX8 -> 0.53725782 | CB8: =SUM(BT8:BU8,BW8)/BX8 -> 0.46274218 | CC8: =AK8/(BX8+AK8) -> 0.19496101 | DH8: =P8/V8 -> 0.089910592 | EL8: =V8/1000 -> 21.470285 | EN8: =Z8/1000 -> 2.208 | EO8: =SUM(X8:Y8,AE8)/1000 -> 3.16 | EP8: =AK8/1000 -> 1.3 | ET8: =J8/L8 -> 0.039189887 | EW8: =BX8-BT8 -> 3160 | FE8: =ROUND(L8,-3) -> 20000
B9: 1988 | C9: 15345.107 | G9: 72 | H9: 144 | I9: 409 | J9: 625 | L9: =C9+J9 -> 15970.107 | P9: 1503.185 | R9: 0 | S9: 1324 | T9: =SUM(R9:S9) -> 1324 | V9: =SUM(P9,C9) -> 16848.292 | X9: 72 | Y9: 144 | Z9: 1733 | AA9: =SUM(X9:Z9) -> 1949 | AC9: 1420 | AD9: 842 | AE9: =SUM(AC9:AD9) -> 2262 | AJ9: =SUM(V9,AA9,AE9,SUM(AG9:AI9)) -> 21059.292 | AK9: =ROUND(AJ9/(1-BC$53)-AJ9,-2) -> 1000 | AL9: =SUM(AJ9:AK9) -> 22059.292 | AN9: 4212.073 | BS9: =AC9 -> 1420 | BT9: =Z9 -> 1733 | BU9: =X9 -> 72 | BV9: =AD9 -> 842 | BW9: =Y9 -> 144 | BX9: =SUM(BS9:BW9) -> 4211 | BY9: =AJ9 -> 21059.292 | BZ9: =BX9/BY9 -> 0.19995924 | CA9: =SUM(BV9,BS9)/BX9 -> 0.53716457 | CB9: =SUM(BT9:BU9,BW9)/BX9 -> 0.46283543 | CC9: =AK9/(BX9+AK9) -> 0.19190175 | DH9: =P9/V9 -> 0.089218839 | EL9: =V9/1000 -> 16.848292 | EN9: =Z9/1000 -> 1.733 | EO9: =SUM(X9:Y9,AE9)/1000 -> 2.478 | EP9: =AK9/1000 -> 1 | ET9: =J9/L9 -> 0.039135618 | EW9: =BX9-BT9 -> 2478 | FE9: =ROUND(L9,-3) -> 16000
B10: 1989 | C10: 28133.121 | G10: 125 | H10: 250 | I10: 709 | J10: 1084 | L10: =C10+J10 -> 29217.121 | P10: 1068.0525 | R10: 0 | S10: 2295 | T10: =SUM(R10:S10) -> 2295 | V10: =SUM(P10,C10) -> 29201.173 | X10: 125 | Y10: 250 | Z10: 3004 | AA10: =SUM(X10:Z10) -> 3379 | AC10: 2461 | AD10: 1460 | AE10: =SUM(AC10:AD10) -> 3921 | AJ10: =SUM(V10,AA10,AE10,SUM(AG10:AI10)) -> 36501.173 | AK10: =ROUND(AJ10/(1-BC$53)-AJ10,-2) -> 1700 | AL10: =SUM(AJ10:AK10) -> 38201.173 | AN10: 7300.2934 | BS10: =AC10 -> 2461 | BT10: =Z10 -> 3004 | BU10: =X10 -> 125 | BV10: =AD10 -> 1460 | BW10: =Y10 -> 250 | BX10: =SUM(BS10:BW10) -> 7300 | BY10: =AJ10 -> 36501.173 | BZ10: =BX10/BY10 -> 0.19999357 | CA10: =SUM(BV10,BS10)/BX10 -> 0.53712329 | CB10: =SUM(BT10:BU10,BW10)/BX10 -> 0.46287671 | CC10: =AK10/(BX10+AK10) -> 0.18888889 | DH10: =P10/V10 -> 0.036575672 | EL10: =V10/1000 -> 29.201173 | EN10: =Z10/1000 -> 3.004 | EO10: =SUM(X10:Y10,AE10)/1000 -> 4.296 | EP10: =AK10/1000 -> 1.7 | ET10: =J10/L10 -> 0.037101534 | EW10: =BX10-BT10 -> 4296 | FE10: =ROUND(L10,-3) -> 29000
B11: 1990 | C11: 24051.46 | G11: 114 | H11: 227 | I11: 644 | J11: 985 | L11: =C11+J11 -> 25036.46 | P11: 2460 | R11: 0 | S11: 2083 | T11: =SUM(R11:S11) -> 2083 | V11: =SUM(P11,C11) -> 26511.46 | X11: 114 | Y11: 227 | Z11: 2727 | AA11: =SUM(X11:Z11) -> 3068 | AC11: 2235 | AD11: 1326 | AE11: =SUM(AC11:AD11) -> 3561 | AJ11: =SUM(V11,AA11,AE11,SUM(AG11:AI11)) -> 33140.46 | AK11: =ROUND(AJ11/(1-BC$53)-AJ11,-2) -> 1500 | AL11: =SUM(AJ11:AK11) -> 34640.46 | AN11: 6627.865 | BS11: =AC11 -> 2235 | BT11: =Z11 -> 2727 | BU11: =X11 -> 114 | BV11: =AD11 -> 1326 | BW11: =Y11 -> 227 | BX11: =SUM(BS11:BW11) -> 6629 | BY11: =AJ11 -> 33140.46 | BZ11: =BX11/BY11 -> 0.2000274 | CA11: =SUM(BV11,BS11)/BX11 -> 0.5371851 | CB11: =SUM(BT11:BU11,BW11)/BX11 -> 0.4628149 | CC11: =AK11/(BX11+AK11) -> 0.18452454 | DH11: =P11/V11 -> 0.092790061 | EL11: =V11/1000 -> 26.51146 | EN11: =Z11/1000 -> 2.727 | EO11: =SUM(X11:Y11,AE11)/1000 -> 3.902 | EP11: =AK11/1000 -> 1.5 | ET11: =J11/L11 -> 0.039342622 | EW11: =BX11-BT11 -> 3902 | FE11: =ROUND(L11,-3) -> 25000
B12: 1991 | C12: 6906.5654 | G12: 73 | H12: 146 | I12: 415 | J12: 634 | L12: =C12+J12 -> 7540.5654 | P12: 1019.1178 | R12: 0 | S12: 1341 | T12: =SUM(R12:S12) -> 1341 | V12: =SUM(P12,C12) -> 7925.6832 | X12: 73 | Y12: 146 | Z12: 1756 | AA12: =SUM(X12:Z12) -> 1975 | AC12: 1439 | AD12: 854 | AE12: =SUM(AC12:AD12) -> 2293 | AJ12: =SUM(V12,AA12,AE12,SUM(AG12:AI12)) -> 12193.683 | AK12: =ROUND(AJ12/(1-BC$53)-AJ12,-2) -> 600 | AL12: =SUM(AJ12:AK12) -> 12793.683 | AN12: 4267.6756 | BS12: =AC12 -> 1439 | BT12: =Z12 -> 1756 | BU12: =X12 -> 73 | BV12: =AD12 -> 854 | BW12: =Y12 -> 146 | BX12: =SUM(BS12:BW12) -> 4268 | BY12: =AJ12 -> 12193.683 | BZ12: =BX12/BY12 -> 0.35001729 | CA12: =SUM(BV12,BS12)/BX12 -> 0.53725398 | CB12: =SUM(BT12:BU12,BW12)/BX12 -> 0.46274602 | CC12: =AK12/(BX12+AK12) -> 0.1232539 | DH12: =P12/V12 -> 0.12858423 | EL12: =V12/1000 -> 7.9256832 | EN12: =Z12/1000 -> 1.756 | EO12: =SUM(X12:Y12,AE12)/1000 -> 2.512 | EP12: =AK12/1000 -> 0.6 | ET12: =J12/L12 -> 0.084078576 | EW12: =BX12-BT12 -> 2512 | FE12: =ROUND(L12,-3) -> 8000
B13: 1992 | C13: =L13-J13 -> 16808 | G13: ='[1]Data-Nisgaa & Other FN Catch'!BI5 -> 612 | H13: 1339 | I13: ='Data-Chin-Nisga''a'!N7 -> 1308.1728 | J13: =SUM(G13:I13) -> 3259.1728 | L13: ='Bayesian Sum (10Feb26)'!K8 -> 20067.173 | M13: =H13/L13 -> 0.066725892 | N13: ='Data-Coastal-Chin-Esc (new)'!J20 -> 605 | O13: =P13/N13 -> 3.3939313 | P13: ='Data-Coastal-Chin-Esc (new)'!AL20 -> 2053.3284 | R13: UNK | S13: ='Data-Chin-Nisga''a'!P7+'Data-Chin-Nisga''a'!Q7+'Data-Chin-Nisga''a'!O7 -> 5750.8272 | T13: =SUM(R13:S13) -> 5750.8272 | V13: =SUM(P13,C13) -> 18861.328 | X13: =G13 -> 612 | Y13: =SUM(H13,R13) -> 1339 | Z13: =SUM(I13,S13) -> 7059 | AA13: =SUM(X13:Z13) -> 9010 | AC13: ='A3.1b CF-tidal-Harvests (Chin)'!G7 -> 5464.5209 | AD13: 3207.1458 | AE13: =SUM(AC13:AD13) -> 8671.6667 | AJ13: =SUM(V13,AA13,AE13) -> 36542.995 | AK13: =ROUND(AJ13/(1-BC$53)-AJ13,-2) -> 1700 | AL13: =SUM(AJ13:AK13) -> 38242.995 | AN13: 20870 | AO13: =X13/AN13 -> 0.029324389 | AP13: =RANK(L13,L$13:L$46,1) -> 19 | AR13: =SUM(AE13,AA13,AK13)/AL13 -> 0.50680305 | AS13: =I13/$L13 -> 0.06518969 | AT13: =H13/$L13 -> 0.066725892 | AU13: =J13/$L13 -> 0.16241315 | AX13: =Z13/$AL13 -> 0.18458282 | AY13: =AC13/$AL13 -> 0.14288946 | AZ13: =SUM(Y13,AD13)/$AL13 -> 0.11887525 | BA13: =X13/AL13 -> 0.016002931 | BB13: =SUM(AA13,AE13)/AL13 -> 0.46235047 | BC13: =AK13/AL13 -> 0.044452585 | BD13: =SUM(AA13,AE13,AK13)/AL13 -> 0.50680305 | BG13: ='[1]Data-PSC CH Tables'!C7 -> 16808 | BH13: ='[1]Data-PSC CH Tables'!AG7 -> 35397.167 | BI13: ='[1]Data-PSC CH Tables'!AI7 -> 37197.167 | BK13: =BG13-C13 -> 0 | BL13: =BH13-AJ13 -> -1145.8284 | BM13: =BI13-AL13 -> -1045.8284 | BS13: =AC13 -> 5464.5209 | BT13: =Z13 -> 7059 | BU13: =X13 -> 612 | BV13: =AD13 -> 3207.1458 | BW13: =Y13 -> 1339 | BX13: =SUM(BS13:BW13) -> 17681.667 | BY13: =AJ13 -> 36542.995 | BZ13: =BX13/BY13 -> 0.48385926 | CA13: =SUM(BV13,BS13)/BX13 -> 0.49043265 | CB13: =SUM(BT13:BU13,BW13)/BX13 -> 0.50956735 | CC13: =AK13/(BX13+AK13) -> 0.087711755 | CF13: 35901.33 | CG13: 37701.33 | CH13: =CF13-AJ13 -> -641.66514 | CI13: =CG13-AL13 -> -541.66514 | CJ13: 18219.663 | CK13: =V13-CJ13 -> 641.66514 | DH13: =P13/V13 -> 0.10886447 | DK13: =AA13+V13 -> 27871.328 | DN13: =($DK13*DK$50) -> 2615.0514 | DO13: =DN13/DK13 -> 0.093825862 | DP13: =($DK13*DL$50) -> 1049.4954 | DQ13: =DP13/DK13 -> 0.037655019 | DS13: =V13 -> 18861.328 | DT13: 17715.5 | DU13: =DT13-DS13 -> -1145.8284 | DW13: =AJ13 -> 36542.995 | DX13: 34686.667 | DY13: =DX13-DW13 -> -1856.3284 | EA13: 8671.6667 | EC13: =ROUND(EA13*EC$48,0) -> 5605 | ED13: =EA13-EC13 -> 3066.6667 | EE13: =SUM(EC13:ED13) -> 8671.6667 | EG13: =SUM(X13:Y13,AE13) -> 10622.667 | EI13: =$P13/B13 -> 1.0307874 | EJ13: =$P13/V13 -> 0.10886447 | EM13: =V13/1000 -> 18.861328 | EN13: =Z13/1000 -> 7.059 | EO13: =SUM(X13:Y13,AE13)/1000 -> 10.622667 | EP13: =AK13/1000 -> 1.7 | ET13: =J13/L13 -> 0.16241315 | EW13: =BX13-BT13 -> 10622.667 | EY13: =G13+H13 -> 1951 | EZ13: =EY13+R13 -> #VALUE! | FB13: =L13+SUM(S13,AE13,AK13)*FC13 -> 34693.101 | FC13: =L13/SUM(L13,P13) -> 0.90717532 | FE13: =ROUND(L13,-3) -> 20000
B14: 1993 | C14: =L14-J14 -> 24814 | G14: ='[1]Data-Nisgaa & Other FN Catch'!BI6 -> 600 | H14: 983 | I14: ='Data-Chin-Nisga''a'!N8 -> 1526.1184 | J14: =SUM(G14:I14) -> 3109.1184 | L14: ='Bayesian Sum (10Feb26)'!K9 -> 27923.118 | M14: =H14/L14 -> 0.035203804 | N14: ='Data-Coastal-Chin-Esc (new)'!J21 -> 782.82789 | O14: =P14/N14 -> 2.9294557 | P14: ='Data-Coastal-Chin-Esc (new)'!AL21 -> 2293.2596 | R14: UNK | S14: ='Data-Chin-Nisga''a'!P8+'Data-Chin-Nisga''a'!Q8+'Data-Chin-Nisga''a'!O8 -> 4059.8816 | T14: =SUM(R14:S14) -> 4059.8816 | V14: =SUM(P14,C14) -> 27107.26 | X14: =G14 -> 600 | Y14: =SUM(H14,R14) -> 983 | Z14: =SUM(I14,S14) -> 5586 | AA14: =SUM(X14:Z14) -> 7169 | AC14: ='A3.1b CF-tidal-Harvests (Chin)'!G8 -> 7809.3391 | AD14: 4583.3275 | AE14: =SUM(AC14:AD14) -> 12392.667 | AJ14: =SUM(V14,AA14,AE14) -> 46668.926 | AK14: =ROUND(AJ14/(1-BC$53)-AJ14,-2) -> 2200 | AL14: =SUM(AJ14:AK14) -> 48868.926 | AN14: 21829.333 | AO14: =X14/AN14 -> 0.027485952 | AP14: =RANK(L14,L$13:L$46,1) -> 31 | AR14: =SUM(AE14,AA14,AK14)/AL14 -> 0.44530683 | AS14: =I14/L14 -> 0.054654298 | AT14: =H14/$L14 -> 0.035203804 | AU14: =J14/$L14 -> 0.11134567 | AX14: =Z14/$AL14 -> 0.11430576 | AY14: =AC14/$AL14 -> 0.15980173 | AZ14: =SUM(Y14,AD14)/$AL14 -> 0.11390321 | BA14: =X14/AL14 -> 0.012277741 | BB14: =SUM(AA14,AE14)/AL14 -> 0.40028845 | BC14: =AK14/AL14 -> 0.045018382 | BD14: =SUM(AA14,AE14,AK14)/AL14 -> 0.44530683 | BG14: ='[1]Data-PSC CH Tables'!C8 -> 24814 | BH14: ='[1]Data-PSC CH Tables'!AG8 -> 45414.425 | BI14: ='[1]Data-PSC CH Tables'!AI8 -> 47714.425 | BK14: =BG14-C14 -> 0 | BL14: =BH14-AJ14 -> -1254.5014 | BM14: =BI14-AL14 -> -1154.5014 | BS14: =AC14 -> 7809.3391 | BT14: =Z14 -> 5586 | BU14: =X14 -> 600 | BV14: =AD14 -> 4583.3275 | BW14: =Y14 -> 983 | BX14: =SUM(BS14:BW14) -> 19561.667 | BY14: =AJ14 -> 46668.926 | BZ14: =BX14/BY14 -> 0.41915828 | CA14: =SUM(BV14,BS14)/BX14 -> 0.63351793 | CB14: =SUM(BT14:BU14,BW14)/BX14 -> 0.36648207 | CC14: =AK14/(BX14+AK14) -> 0.1010952 | CF14: 46202.261 | CG14: 48502.261 | CH14: =CF14-AJ14 -> -466.66555 | CI14: =CG14-AL14 -> -366.66555 | CJ14: 26640.594 | CK14: =V14-CJ14 -> 466.66555 | DH14: =P14/V14 -> 0.084599463 | DK14: =AA14+V14 -> 34276.26 | DN14: =(DK14*DK$50) -> 3215.9996 | DO14: =DN14/DK14 -> 0.093825862 | DP14: =($DK14*DL$50) -> 1290.6732 | DQ14: =DP14/DK14 -> 0.037655019 | DS14: =V14 -> 27107.26 | DT14: 25852.758 | DU14: =DT14-DS14 -> -1254.5014 | DW14: =AJ14 -> 46668.926 | DX14: 49570.667 | DY14: =DX14-DW14 -> 2901.7404 | EA14: 12392.667 | EC14: =ROUND(EA14*EC$48,0) -> 8009 | ED14: =EA14-EC14 -> 4383.6667 | EE14: =SUM(EC14:ED14) -> 12392.667 | EG14: =SUM(X14:Y14,AE14) -> 13975.667 | EI14: =P14/B14 -> 1.1506571 | EJ14: =$P14/V14 -> 0.084599463 | EM14: =V14/1000 -> 27.10726 | EN14: =Z14/1000 -> 5.586 | EO14: =SUM(X14:Y14,AE14)/1000 -> 13.975667 | EP14: =AK14/1000 -> 2.2 | ET14: =J14/L14 -> 0.11134567 | EW14: =BX14-BT14 -> 13975.667 | EY14: =G14+H14 -> 1583 | EZ14: =EY14+R14 -> #VALUE! | FB14: =L14+SUM(S14,AE14,AK14)*FC14 -> 45160.039 | FC14: =L14/SUM(L14,P14) -> 0.92410541 | FE14: =ROUND(L14,-3) -> 28000
B15: 1994 | C15: =L15-J15 -> 23639.335 | D15: =C15-E15 -> 19706.335 | E15: ='Bayesian Sum (10Feb26)'!H10 -> 3933 | G15: ='[1]Data-Nisgaa & Other FN Catch'!BI7 -> 120 | H15: 893 | I15: ='Data-Chin-Nisga''a'!N9 -> 2097.6648 | J15: =SUM(G15:I15) -> 3110.6648 | L15: ='Bayesian Sum (10Feb26)'!K10 -> 26750 | M15: =H15/L15 -> 0.033383178 | N15: ='Data-Coastal-Chin-Esc (new)'!J22 -> 2376.1408 | O15: =P15/N15 -> 2.431526 | P15: ='Data-Coastal-Chin-Esc (new)'!AL22 -> 5777.6481 | R15: UNK | S15: ='Data-Chin-Nisga''a'!P9+'Data-Chin-Nisga''a'!Q9+'Data-Chin-Nisga''a'!O9 -> 4115.3352 | T15: =SUM(R15:S15) -> 4115.3352 | V15: =SUM(P15,C15) -> 29416.983 | X15: =G15 -> 120 | Y15: =SUM(H15,R15) -> 893 | Z15: =SUM(I15,S15) -> 6213 | AA15: =SUM(X15:Z15) -> 7226 | AC15: ='A3.1b CF-tidal-Harvests (Chin)'!G9 -> 6731.471 | AD15: 3950.7231 | AE15: =SUM(AC15:AD15) -> 10682.194 | AJ15: =SUM(V15,AA15,AE15) -> 47325.177 | AK15: =ROUND(AJ15/(1-BC$53)-AJ15,-2) -> 2200 | AL15: =SUM(AJ15:AK15) -> 49525.177 | AN15: ='[1]Data-FW Catch Rates - new'!CE9 -> 23205.075 | AO15: =X15/AN15 -> 0.0051712826 | AP15: =RANK(L15,L$13:L$46,1) -> 28 | AR15: =SUM(AE15,AA15,AK15)/AL15 -> 0.40601963 | AS15: =I15/L15 -> 0.078417375 | AT15: =H15/$L15 -> 0.033383178 | AU15: =J15/$L15 -> 0.11628653 | AX15: =Z15/$AL15 -> 0.12545134 | AY15: =AC15/$AL15 -> 0.13592018 | AZ15: =SUM(Y15,AD15)/$AL15 -> 0.097803245 | BA15: =X15/AL15 -> 0.00242301 | BB15: =SUM(AA15,AE15)/AL15 -> 0.36159778 | BC15: =AK15/AL15 -> 0.04442185 | BD15: =SUM(AA15,AE15,AK15)/AL15 -> 0.40601963 | BG15: ='[1]Data-PSC CH Tables'!C9 -> 21169 | BH15: ='[1]Data-PSC CH Tables'!AG9 -> 42779.776 | BI15: ='[1]Data-PSC CH Tables'!AI9 -> 44979.776 | BK15: =BG15-C15 -> -2470.3352 | BL15: =BH15-AJ15 -> -4545.4013 | BM15: =BI15-AL15 -> -4545.4013 | BS15: =AC15 -> 6731.471 | BT15: =Z15 -> 6213 | BU15: =X15 -> 120 | BV15: =AD15 -> 3950.7231 | BW15: =Y15 -> 893 | BX15: =SUM(BS15:BW15) -> 17908.194 | BY15: =AJ15 -> 47325.177 | BZ15: =BX15/BY15 -> 0.37840733 | CA15: =SUM(BV15,BS15)/BX15 -> 0.59649756 | CB15: =SUM(BT15:BU15,BW15)/BX15 -> 0.40350244 | CC15: =AK15/(BX15+AK15) -> 0.10940813 | CF15: 44621.509 | CG15: 46921.509 | CH15: =CF15-AJ15 -> -2703.668 | CI15: =CG15-AL15 -> -2603.668 | CJ15: 26713.315 | CK15: =V15-CJ15 -> 2703.668 | DH15: =P15/V15 -> 0.19640519 | DK15: =AA15+V15 -> 36642.983 | DN15: =(DK15*DK$50) -> 3438.0595 | DO15: =DN15/DK15 -> 0.093825862 | DP15: =($DK15*DL$50) -> 1379.7922 | DQ15: =DP15/DK15 -> 0.037655019 | DS15: =V15 -> 29416.983 | DT15: 24871.582 | DU15: =DT15-DS15 -> -4545.4013 | DW15: =AJ15 -> 47325.177 | DX15: 42728.776 | DY15: =DX15-DW15 -> -4596.4013 | EA15: 10682.194 | EC15: =ROUND(EA15*EC$48,0) -> 6904 | ED15: =EA15-EC15 -> 3778.194 | EE15: =SUM(EC15:ED15) -> 10682.194 | EG15: =SUM(X15:Y15,AE15) -> 11695.194 | EI15: =P15/B15 -> 2.8975166 | EJ15: =$P15/V15 -> 0.19640519 | EM15: =V15/1000 -> 29.416983 | EN15: =Z15/1000 -> 6.213 | EO15: =SUM(X15:Y15,AE15)/1000 -> 11.695194 | EP15: =AK15/1000 -> 2.2 | ET15: =J15/L15 -> 0.11628653 | EW15: =BX15-BT15 -> 11695.194 | EY15: =G15+H15 -> 1013 | EZ15: =EY15+R15 -> #VALUE! | FB15: =L15+SUM(S15,AE15,AK15)*FC15 -> 40728.383 | FC15: =L15/SUM(L15,P15) -> 0.82237732 | FE15: =ROUND(L15,-3) -> 27000
B16: 1995 | C16: =L16-J16 -> 9184.6097 | D16: =C16-E16 -> 7465.6097 | E16: ='Bayesian Sum (10Feb26)'!H11 -> 1719 | G16: ='[1]Data-Nisgaa & Other FN Catch'!BI8 -> 72 | H16: 695 | I16: ='Data-Chin-Nisga''a'!N10 -> 1812.3903 | J16: =SUM(G16:I16) -> 2579.3903 | L16: ='Bayesian Sum (10Feb26)'!K11 -> 11764 | M16: =H16/L16 -> 0.059078545 | N16: ='Data-Coastal-Chin-Esc (new)'!J23 -> 624.49855 | O16: =P16/N16 -> 2.70696 | P16: ='Data-Coastal-Chin-Esc (new)'!AL23 -> 1690.4926 | R16: UNK | S16: ='Data-Chin-Nisga''a'!P10+'Data-Chin-Nisga''a'!Q10+'Data-Chin-Nisga''a'!O10 -> 4903.6097 | T16: =SUM(R16:S16) -> 4903.6097 | V16: =SUM(P16,C16) -> 10875.102 | X16: =G16 -> 72 | Y16: =SUM(H16,R16) -> 695 | Z16: =SUM(I16,S16) -> 6716 | AA16: =SUM(X16:Z16) -> 7483 | AC16: ='A3.1b CF-tidal-Harvests (Chin)'!G10 -> 3408.7592 | AD16: 2000.6123 | AE16: =SUM(AC16:AD16) -> 5409.3715 | AJ16: =SUM(V16,AA16,AE16) -> 23767.474 | AK16: =ROUND(AJ16/(1-BC$53)-AJ16,-2) -> 1100 | AL16: =SUM(AJ16:AK16) -> 24867.474 | AN16: ='[1]Data-FW Catch Rates - new'!CE10 -> 9910.0909 | AO16: =X16/AN16 -> 0.0072653218 | AP16: =RANK(L16,L$13:L$46,1) -> 5 | AR16: =SUM(AE16,AA16,AK16)/AL16 -> 0.56267764 | AS16: =I16/L16 -> 0.15406242 | AT16: =H16/$L16 -> 0.059078545 | AU16: =J16/$L16 -> 0.21926133 | AX16: =Z16/$AL16 -> 0.27007166 | AY16: =AC16/$AL16 -> 0.13707702 | AZ16: =SUM(Y16,AD16)/$AL16 -> 0.10839912 | BA16: =X16/AL16 -> 0.0028953484 | BB16: =SUM(AA16,AE16)/AL16 -> 0.51844315 | BC16: =AK16/AL16 -> 0.044234489 | BD16: =SUM(AA16,AE16,AK16)/AL16 -> 0.56267764 | BG16: ='[1]Data-PSC CH Tables'!C10 -> 7844 | BH16: ='[1]Data-PSC CH Tables'!AG10 -> 21709.486 | BI16: ='[1]Data-PSC CH Tables'!AI10 -> 22809.486 | BK16: =BG16-C16 -> -1340.6097 | BL16: =BH16-AJ16 -> -2057.9877 | BM16: =BI16-AL16 -> -2057.9877 | BS16: =AC16 -> 3408.7592 | BT16: =Z16 -> 6716 | BU16: =X16 -> 72 | BV16: =AD16 -> 2000.6123 | BW16: =Y16 -> 695 | BX16: =SUM(BS16:BW16) -> 12892.372 | BY16: =AJ16 -> 23767.474 | BZ16: =BX16/BY16 -> 0.5424376 | CA16: =SUM(BV16,BS16)/BX16 -> 0.41957925 | CB16: =SUM(BT16:BU16,BW16)/BX16 -> 0.58042075 | CC16: =AK16/(BX16+AK16) -> 0.078614265 | CF16: 22193.531 | CG16: 23293.531 | CH16: =CF16-AJ16 -> -1573.9424 | CI16: =CG16-AL16 -> -1573.9424 | CJ16: 9301.1598 | CK16: =V16-CJ16 -> 1573.9424 | DH16: =P16/V16 -> 0.15544613 | DK16: =AA16+V16 -> 18358.102 | DN16: =(DK16*DK$50) -> 1722.4648 | DO16: =DN16/DK16 -> 0.093825862 | DP16: =($DK16*DL$50) -> 691.27468 | DQ16: =DP16/DK16 -> 0.037655019 | DS16: =V16 -> 10875.102 | DT16: 8817.1145 | DU16: =DT16-DS16 -> -2057.9877 | DW16: =AJ16 -> 23767.474 | DX16: 21637.486 | DY16: =DX16-DW16 -> -2129.9877 | EA16: 5409.3715 | EC16: =ROUND(EA16*EC$48,0) -> 3496 | ED16: =EA16-EC16 -> 1913.3715 | EE16: =SUM(EC16:ED16) -> 5409.3715 | EG16: =SUM(X16:Y16,AE16) -> 6176.3715 | EI16: =P16/B16 -> 0.8473647 | EJ16: =$P16/V16 -> 0.15544613 | EM16: =V16/1000 -> 10.875102 | EN16: =Z16/1000 -> 6.716 | EO16: =SUM(X16:Y16,AE16)/1000 -> 6.1763715 | EP16: =AK16/1000 -> 1.1 | ET16: =J16/L16 -> 0.21926133 | EW16: =BX16-BT16 -> 6176.3715 | EY16: =G16+H16 -> 767 | EZ16: =EY16+R16 -> #VALUE! | FB16: =L16+SUM(S16,AE16,AK16)*FC16 -> 21742.995 | FC16: =L16/SUM(L16,P16) -> 0.87435479 | FE16: =ROUND(L16,-3) -> 12000
B17: 1996 | C17: =L17-J17 -> 21721.665 | D17: =C17-E17 -> 18211.665 | E17: ='Bayesian Sum (10Feb26)'!H12 -> 3510 | G17: ='[1]Data-Nisgaa & Other FN Catch'!BI9 -> 49 | H17: 477 | I17: ='Data-Chin-Nisga''a'!N11 -> 1834.3345 | J17: =SUM(G17:I17) -> 2360.3345 | L17: ='Bayesian Sum (10Feb26)'!K12 -> 24082 | M17: =H17/L17 -> 0.019807325 | N17: ='Data-Coastal-Chin-Esc (new)'!J24 -> 710.81136 | O17: =P17/N17 -> 2.9889873 | P17: ='Data-Coastal-Chin-Esc (new)'!AL24 -> 2124.6061 | R17: UNK | S17: ='Data-Chin-Nisga''a'!P11+'Data-Chin-Nisga''a'!Q11+'Data-Chin-Nisga''a'!O11 -> 5865.6655 | T17: =SUM(R17:S17) -> 5865.6655 | V17: =SUM(P17,C17) -> 23846.272 | X17: =G17 -> 49 | Y17: =SUM(H17,R17) -> 477 | Z17: =SUM(I17,S17) -> 7700 | AA17: =SUM(X17:Z17) -> 8226 | AC17: ='A3.1b CF-tidal-Harvests (Chin)'!G11 -> 6538.2283 | AD17: 3837.3083 | AE17: =SUM(AC17:AD17) -> 10375.537 | AJ17: =SUM(V17,AA17,AE17) -> 42447.808 | AK17: =ROUND(AJ17/(1-BC$53)-AJ17,-2) -> 2000 | AL17: =SUM(AJ17:AK17) -> 44447.808 | AN17: ='[1]Data-FW Catch Rates - new'!CE11 -> 21794.385 | AO17: =X17/AN17 -> 0.0022482855 | AP17: =RANK(L17,L$13:L$46,1) -> 26 | AR17: =SUM(AE17,AA17,AK17)/AL17 -> 0.46349949 | AS17: =I17/L17 -> 0.076170357 | AT17: =H17/$L17 -> 0.019807325 | AU17: =J17/$L17 -> 0.098012396 | AX17: =Z17/$AL17 -> 0.17323689 | AY17: =AC17/$AL17 -> 0.147099 | AZ17: =SUM(Y17,AD17)/$AL17 -> 0.097064591 | BA17: =X17/AL17 -> 0.0011024166 | BB17: =SUM(AA17,AE17)/AL17 -> 0.4185029 | BC17: =AK17/AL17 -> 0.044996594 | BD17: =SUM(AA17,AE17,AK17)/AL17 -> 0.46349949 | BG17: ='[1]Data-PSC CH Tables'!C11 -> 21842 | BH17: ='[1]Data-PSC CH Tables'!AG11 -> 41551.147 | BI17: ='[1]Data-PSC CH Tables'!AI11 -> 43651.147 | BK17: =BG17-C17 -> 120.33453 | BL17: =BH17-AJ17 -> -896.66157 | BM17: =BI17-AL17 -> -796.66157 | BS17: =AC17 -> 6538.2283 | BT17: =Z17 -> 7700 | BU17: =X17 -> 49 | BV17: =AD17 -> 3837.3083 | BW17: =Y17 -> 477 | BX17: =SUM(BS17:BW17) -> 18601.537 | BY17: =AJ17 -> 42447.808 | BZ17: =BX17/BY17 -> 0.43822137 | CA17: =SUM(BV17,BS17)/BX17 -> 0.55777847 | CB17: =SUM(BT17:BU17,BW17)/BX17 -> 0.44222153 | CC17: =AK17/(BX17+AK17) -> 0.097080137 | CF17: 42102.093 | CG17: 44202.093 | CH17: =CF17-AJ17 -> -345.71572 | CI17: =CG17-AL17 -> -245.71572 | CJ17: 23500.556 | CK17: =V17-CJ17 -> 345.71572 | DH17: =P17/V17 -> 0.089095946 | DK17: =AA17+V17 -> 32072.272 | DN17: =(DK17*DK$50) -> 3009.2085 | DO17: =DN17/DK17 -> 0.093825862 | DP17: =($DK17*DL$50) -> 1207.682 | DQ17: =DP17/DK17 -> 0.037655019 | DS17: =V17 -> 23846.272 | DT17: 22949.61 | DU17: =DT17-DS17 -> -896.66157 | DW17: =AJ17 -> 42447.808 | DX17: 41502.147 | DY17: =DX17-DW17 -> -945.66157 | EA17: 10375.537 | EC17: =ROUND(EA17*EC$48,0) -> 6706 | ED17: =EA17-EC17 -> 3669.5367 | EE17: =SUM(EC17:ED17) -> 10375.537 | EG17: =SUM(X17:Y17,AE17) -> 10901.537 | EI17: =P17/B17 -> 1.0644319 | EJ17: =$P17/V17 -> 0.089095946 | EM17: =V17/1000 -> 23.846272 | EN17: =Z17/1000 -> 7.7 | EO17: =SUM(X17:Y17,AE17)/1000 -> 10.901537 | EP17: =AK17/1000 -> 2 | ET17: =J17/L17 -> 0.098012396 | EW17: =BX17-BT17 -> 10901.537 | EY17: =G17+H17 -> 526 | EZ17: =EY17+R17 -> #VALUE! | FB17: =L17+SUM(S17,AE17,AK17)*FC17 -> 40844.362 | FC17: =L17/SUM(L17,P17) -> 0.9189286 | FE17: =ROUND(L17,-3) -> 24000
B18: 1997 | C18: =L18-J18 -> 21372.273 | D18: =C18-E18 -> 17879.273 | E18: ='Bayesian Sum (10Feb26)'!H13 -> 3493 | G18: ='[1]Data-Nisgaa & Other FN Catch'!BI10 -> 41 | H18: 203 | I18: ='Data-Chin-Nisga''a'!N12 -> 1876.7267 | J18: =SUM(G18:I18) -> 2120.7267 | L18: ='Bayesian Sum (10Feb26)'!K13 -> 23493 | M18: =H18/L18 -> 0.0086408717 | N18: ='Data-Coastal-Chin-Esc (new)'!J25 -> 688.34561 | O18: =P18/N18 -> 4.3538193 | P18: ='Data-Coastal-Chin-Esc (new)'!AL25 -> 2996.9324 | R18: UNK | S18: ='Data-Chin-Nisga''a'!P12+'Data-Chin-Nisga''a'!Q12+'Data-Chin-Nisga''a'!O12 -> 4828.2733 | T18: =SUM(R18:S18) -> 4828.2733 | V18: =SUM(P18,C18) -> 24369.206 | X18: =G18 -> 41 | Y18: =SUM(H18,R18) -> 203 | Z18: =SUM(I18,S18) -> 6705 | AA18: =SUM(X18:Z18) -> 6949 | AC18: ='A3.1b CF-tidal-Harvests (Chin)'!G12 -> 5664.4139 | AD18: 3324.4636 | AE18: =SUM(AC18:AD18) -> 8988.8775 | AJ18: =SUM(V18,AA18,AE18) -> 40307.083 | AK18: =ROUND(AJ18/(1-BC$53)-AJ18,-2) -> 1900 | AL18: =SUM(AJ18:AK18) -> 42207.083 | AN18: ='[1]Data-FW Catch Rates - new'!CE12 -> 18702 | AO18: =X18/AN18 -> 0.0021922789 | AP18: =RANK(L18,L$13:L$46,1) -> 24 | AR18: =SUM(AE18,AA18,AK18)/AL18 -> 0.42262758 | AS18: =I18/L18 -> 0.079884506 | AT18: =H18/$L18 -> 0.0086408717 | AU18: =J18/$L18 -> 0.090270579 | AX18: =Z18/$AL18 -> 0.15885959 | AY18: =AC18/$AL18 -> 0.13420529 | AZ18: =SUM(Y18,AD18)/$AL18 -> 0.083575158 | BA18: =X18/AL18 -> 0.00097140093 | BB18: =SUM(AA18,AE18)/AL18 -> 0.37761144 | BC18: =AK18/AL18 -> 0.045016141 | BD18: =SUM(AA18,AE18,AK18)/AL18 -> 0.42262758 | BG18: ='[1]Data-PSC CH Tables'!C12 -> 18702 | BH18: ='[1]Data-PSC CH Tables'!AG12 -> 36275.172 | BI18: ='[1]Data-PSC CH Tables'!AI12 -> 38075.172 | BK18: =BG18-C18 -> -2670.2733 | BL18: =BH18-AJ18 -> -4031.9107 | BM18: =BI18-AL18 -> -4131.9107 | BS18: =AC18 -> 5664.4139 | BT18: =Z18 -> 6705 | BU18: =X18 -> 41 | BV18: =AD18 -> 3324.4636 | BW18: =Y18 -> 203 | BX18: =SUM(BS18:BW18) -> 15937.878 | BY18: =AJ18 -> 40307.083 | BZ18: =BX18/BY18 -> 0.39541133 | CA18: =SUM(BV18,BS18)/BX18 -> 0.56399464 | CB18: =SUM(BT18:BU18,BW18)/BX18 -> 0.43600536 | CC18: =AK18/(BX18+AK18) -> 0.10651491 | CF18: 37145.538 | CG18: 39045.538 | CH18: =CF18-AJ18 -> -3161.5457 | CI18: =CG18-AL18 -> -3161.5457 | CJ18: 21207.66 | CK18: =V18-CJ18 -> 3161.5457 | DH18: =P18/V18 -> 0.12298031 | DK18: =AA18+V18 -> 31318.206 | DN18: =(DK18*DK$50) -> 2938.4576 | DO18: =DN18/DK18 -> 0.093825862 | DP18: =($DK18*DL$50) -> 1179.2876 | DQ18: =DP18/DK18 -> 0.037655019 | DS18: =V18 -> 24369.206 | DT18: 19892.633 | DU18: =DT18-DS18 -> -4476.5732 | DW18: =AJ18 -> 40307.083 | DX18: 35955.51 | DY18: =DX18-DW18 -> -4351.5732 | EA18: 8988.8775 | EC18: =ROUND(EA18*EC$48,0) -> 5810 | ED18: =EA18-EC18 -> 3178.8775 | EE18: =SUM(EC18:ED18) -> 8988.8775 | EG18: =SUM(X18:Y18,AE18) -> 9232.8775 | EI18: =P18/B18 -> 1.5007173 | EJ18: =$P18/V18 -> 0.12298031 | EM18: =V18/1000 -> 24.369206 | EN18: =Z18/1000 -> 6.705 | EO18: =SUM(X18:Y18,AE18)/1000 -> 9.2328775 | EP18: =AK18/1000 -> 1.9 | ET18: =J18/L18 -> 0.090270579 | EW18: =BX18-BT18 -> 9232.8775 | EY18: =G18+H18 -> 244 | EZ18: =EY18+R18 -> #VALUE! | FB18: =L18+SUM(S18,AE18,AK18)*FC18 -> 37431.995 | FC18: =L18/SUM(L18,P18) -> 0.88686523 | FE18: =ROUND(L18,-3) -> 23000
